itemId,Nama Barang,Harga,Terjual,Review,Rating
8242794980,Miniso x We Bare Bears Set Krim Tangan Hand Cream Set Krim Tangan Pelembab Yang Tahan Lama Kompak dan Mudah Dibawa 3pcs Stroberi + Alpukat + Lemon,29900,77 sold,26,4.961538461538462
5600122918,"MINISO 1000 pcs kapas silcot，Bantalan Katun Cotton Pads Pembersih Makeup 1000 Buah,kapas kecantikan 1 lusin, kapas wajah tipis,Alat Harian Membersihkan Menghilangkan Kapas,kapas kecantikan halus muka bulat silcot,for toner & Penghapus riasan",24200,43.0K sold,12421,4.910554705740279
7969688996,MINISO Hand Cream Krim Tangan Tekstur Ringan Hand Lotion Moisturizing 30ml,19500,374 sold,120,4.95
6562012425,MINISO Skipping Rope Pegangna Panjang Tali Skipping Fitness Latihan Fisik Olahraga Pembakaran Lemak PVC Menurunkan Berat Badan Kebugaran Alat Pelatihan Olahraga Dengan Pegangan Non-slip  Rumah Sekolah Gym Peralatan Pelatihan Dapat Diseduaikan,24900,0,252,4.908730158730159
8180498635,"Miniso Tisu Basah Wet Wipes Handuk Muka Lembab dan Fleksibel 20 Handuk Kertas Esensi Tumbuhan, Tanpa Pigmen dan Aman 20pcs",7900,409 sold,126,4.968253968253968
7958232992,MINISO Handuk Pengering Rambut Hair Drying Cap Quick Drying Towel,23400,120 sold,41,4.902439024390244
7969656836,MINISO Lotion Badan Handbody Lotion Scented Body Lotion Moisturizing Brightening Body Cream 150 ml,31300,242 sold,105,4.942857142857143
7950218288,MINISO Parfum Wanita 50ML EDP Lady Perfume,59900,187 sold,60,4.9
7167202558,Miniso Official sisir rambut wanita cushion hair brush comb catokan sisir,25000,7.9K sold,3492,4.929266895761741
7707970391,MINISO Sisir Rambut Fairy Lucu Hair Comb Hair Brush Anti-static,18500,105 sold,40,4.975
7365232044,Miniso sisir rambut mini portabel vertikal membersihkan diri,20900,1.1K sold,491,4.910386965376782
7746098117,MINISO Bentuk ponsel Kotak Tisu Serbaguna Multifungsi Kotak Penyimpanan Penyimpanan alat tulis Make Up Organizer Meja Tempat Kosmetik Kotak Tempat tissue,36900,0,23,4.956521739130435
735254941,MINISO Obeng Set 31 in 1 Serbaguna Multifungsi Hp Handphone Screwdriver,21900,0,19,4.909090909090909
8142234805,Miniso Parfum Pria Perfum 50ml Garden of Mirror Meningkatkan Sauvage Parfum Segar dan Tahan Lama Eau De Parfum,67900,268 sold,92,4.9021739130434785
5762070436,MINISO Handuk Tangan Seri Hewan Lucu Hand Towel Dewasa Anak Lembut Di Kulit Menyerap Air Cuci Muka Bulu Simple Motif Rumah,16900,427 sold,81,4.991071428571429
6519308819,MINISO Facial Cotton Pads 75pcs Tebal + 400pcs Tipis Kapas Pembersih Makeup Make Up Bantalan Kapas Kotak Kapas Pembersih Wajah Kapas Kecantikan,26900,12.0K sold,4485,4.915719063545151
8142172116,Miniso Parfum Wanita Perfum Pemandangan Kota Elegan Versi Yang Ditingkatkan Minyak Wangi Tahan Lama Rasa Segar 50ml,63900,410 sold,128,4.984375
8252746463,Miniso Handuk Lembut Bulu Karang Penyerapan Air Yang Kuat Handuk Besar Lembut dan Tidak Melukai Kulit 75*35cm,15900,244 sold,83,4.843373493975903
8213604206,Miniso Peralatan Manikur Manicure Set (5 pcs with Storage Case) Gunting Kuku Rumah Tangga,36900,0,1,3.0
4867996575,"MINISO Parfum Wanita Perfume Sparkle,minyak wangi sparkle,tahan lama 24 jam ori,Eau De Toilette EDT Mini Kecil Portable Perempuan Cewek Tahan lama 10ml Long Lasting Manis Berkelas Elegant Fresh Segar Original Enak Wangi",34900,32.9K sold,5499,4.961811238406983
7404164157,Miniso Alat Cukur Wanita (Paket 5 / Paket 10) Pelumas Nyaman Ladies Shaver 3 Lapisan Razor Pisau Cukur,29900,123 sold,56,4.875
2514824418,MINISO Body Mist Parfum Perfum Spray Wanita Pria 150ml Pengharum Badan Tubuh Sehari hari Eau de toilette Keharuman Floral  Natural BPM Fruity Fragrance Original Perempuan Remaja,24900,95.6K sold,15625,4.93362775217614
7943172054,MINISO Body Mist Parfum Spray Parfum Wanita 100ml Hair Mist Floral Minyak Wangi Cewek,35900,171 sold,79,4.949367088607595
7404208600,MINISO Hairbrush Combs Sisir Rambut Sikat Kayu Sisir Airbag Pijat Hair Brush Massage Nature Wooden Anti Rontok Kusut Static Salon Wooden Paddle Hairbrush,13900,2.2K sold,751,4.897470039946738
8225076172,Miniso Parfum Wanita Women's Perfume EDT Aroma Mawar Ringan Rose Secret Eau de Toilette Aroma Yang Tahan Lama 30ml,98900,43 sold,7,5.0
6546522885,MINISO Cotton Swabs 800pcs Cotton Buds Katun Swabs kapas Korek Kuping Penyeka Kayu Tongkat Wooden Stick Double Head Portabel,24900,0,466,4.967811158798283
7746108186,MINISO Sisir Rambut Lucu Disney Lotso Winnie-The-Pooh Cushion Hair Brush Comb Sisir Portabel Sisir Pijat,58000,0,21,4.904761904761905
7676688159,MINISO Parfum Wanita Seashore Perfume 30ml Minyak Wangi Cewek Floral,51900,518 sold,204,4.9068627450980395
7903535000,MINISO Parfum Wanita Belle Parfum Chérie Eau De Parfum Lady Perfume EDP 30ml Vanilla Minyak Wangi Long Last,65900,122 sold,55,4.945454545454545
7676670839,MINISO Parfum Pria Bold Adventurous Perfume 85ml Minyak Wangi Cowok edt,79900,393 sold,186,4.973118279569892
6018058215,Miniso kutek peel off Fun Paint nail polish kutek peel off KUTEK kuteks HALAL KUTEKS cat kuku halal muslimah Gel Nail polish,14900,0,1074,4.935754189944134
7008436226,Miniso Parfum Wanita DIAMOND EAU DE TOILETTE minyak wangi farfum wanita tahan lama parfum cewek,84900,2.4K sold,843,4.925266903914591
7661468230,MINISO Sisir Rambut Sisir Udara Cushion Pijat Anti Kusut Membersihkan Diri,21900,2.0K sold,941,4.905419766206164
816098076,【Freeshpping】Miniso Wanita Parfum 50ml EDT Crystal Diamond Perfume，cewek parfum wanita wangi tahan lama，minyak wangi seribu bunga asli，tahan lama wangi kalem，parfum wanita SPL terbaik，British pear，wild strawberry,68900,5.2K sold,1344,4.9414758269720105
8225878796,MINISO Penghapus Kutek Wanita Nail Polish Remover Pembersih Cat Kuku,14900,25 sold,9,4.777777777777778
1200558269,MINISO Hanger Klip Simpel 20 pcs Untuk Pengeringan Pakaian Laundry,12900,3.0K sold,781,4.969590643274854
8225000878,Miniso x Disney Princess Collection Sikat Dayung Oval Oval Paddle Brush Sisir Rambut dan Pijat 2 in 1 Kepala Manik Bulat Kantung Udara Elastis,48300,0,13,5.0
7903784050,MINISO Parfum Wanita Crush on Me Eau De Parfum 100ml Minyak Wangi EDP,101900,245 sold,120,4.975
8255388137,MINISO X BT21 Collection Tisu Basah Wet Tissue 10 Sheets Wet Wipes,13900,0,1,5.0
4753120920,MINISO Sandal Pria Sandal Kamar Mandi Bathroom Slippers Sol Lembut Motif Sarang Lebah Sandal Pria dan Wanita EVA Anti-selip Lampu,20900,7.5K sold,1681,4.951219512195122
5554564816,"MINISO Penyimpanan Serbaguna 3 types storage box container Dengan Tutup kotak penyimpanan,box obat obatan,box plastik kotak，tempat masker，box plastik kotak，kotak penyimpanan serbaguna storage box,Makeup Storage Box",22000,7.5K sold,2430,4.838271604938272
7310350940,MINISO Sandal Wanita Terbaru Sendal Wanita Kekinian Dan Pria EVA Bathroom Slippers Modis Tidak Licin,27900,4.1K sold,2062,4.926770126091173
8174658546,Miniso Women's Flip-Flops Sandal Jepit Wanita Sederhana dan Nyaman Bagian Bawah Lembut Mode Sandal Karet Wanita,20900,0,20,4.95
7626874771,MINISO Tas Bahu Tas Wanita Kapasitas Tinggi Dengan Rantai Nuansa Kain Lembut Meniskus Tas Ketiak Rantai Mode,77800,87 sold,45,4.911111111111111
4607526553,MINISO Sandal Kamar Mandi Sendal Selop Polos Model Cross Cewek Wanita Perempuan Comfortable Nyaman Dewasa Non Slip Indoor Kasual Karet Motif Sepatu flip Flop Karet Terbaru Anak Cowok Embuk Rumah Motif Simple Lucu,34900,0,432,4.905092592592593
1172416582,MINISO terbaru 2021 Dompet Pria cowo，Lipat Dua Kulit PU Dompet Koin Ritsleting Dompet untuk Pria ，Cowok Laki-laki Lelaki Lipat Kecil Pendek Vertical Tempat Kartu Dan Uang Koin Wallet Organizer Travel Original Tas Terbaru 2021 Keren Leather Kulit Multi-car,63900,0,442,4.927437641723356
5674824330,Miniso Bantal Leher U-Shaped Neck Pillow Travel Bantal Nyaman Imut lembut Bantal Leher Unisex,41900,5.4K sold,1224,4.932584269662922
6785580936,MINISO Tas Pundak Tas Bahu Tas Selempang Sling Bag Tas Bahu Persegi Panjang Retro Lembut dengan Flap Top,68000,0,220,4.972727272727273
7693456313,MINISO Sandal Jepit Wanita Women's Flip-Flops Ratora Series Ringan dan Lembut Sol Anti Selip Mode,34900,0,3,4.333333333333333
7712524938,MINISO Sandal Wanita Women's Slippers Flat Sandal Mundur Bunga Tulp Sol Tebal Anti Slip Di Luar Ruangan Mode,55900,82 sold,35,4.9714285714285715
8174690197,Miniso x Maltese Collection Sandal Wanita Women's Slippers Flat Sandals Uniseks EVA Desain Bergaya dan Lucu Sol Tebal Lembut,65900,296 sold,115,4.956521739130435
7712528668,MINISO Sandal Wanita Kelinci Sandal Karet Wanita Kelinci Yang Lucu EVA Desain Anti-selip Bagian Bawah Yang Lembut,55900,0,5,5.0
7712442087,MINISO Women's Slippers Sandal Wanita Sendal Karet Wanita Awan Yang Lucu EVA Sol Tebal Untuk Kenyamanan Anti-selip,55900,0,30,4.9
658018686,Miniso Official Tas Bento Makan Siang Terisolasi We bear bears lunch bag/tas makanan/tas kecil/tas karakter,38600,3.8K sold,1057,4.9157994323557235
7901658679,Miniso Dompet Pendek Lipat Tiga Wanita Lucu Cute Bear Series Women's Trifold Short Wallet,47900,97 sold,56,4.910714285714286
1179666529,MINISO Tas Selempang Wanita Terbaru Sling Bag Import Tas Bahu Qanita Korea Chain Cewe Rantal Kekinian Cewek Remaja Tas Kondangan Wanita Mewah Elegan 2022 Hitam,79900,0,4082,4.937530622243998
1200888691,"MINISO Rak Kosmetik Multifungsi 2 Lapis Kotak Penyimpanan Serbaguna Plastik Rack Dapur Tempat, Kosmetik Organizer Meja Minimalis 25x16x7cm",21900,18.3K sold,4946,4.9155043460683245
7708562059,MINISO Tas Selempang Crossbody Shoulder Bag Pelana Warna Solid Kasual Klasik Tas Sederhana Yang Modis Tahan Air,69900,0,66,4.742424242424242
6710372202,MINISO Tas Bahu Tas Selempang Tas Pundak Rantai Elegan Shoulder Bag  Kulit PVC Tahan Air  Desain Sederhana Elegan,97900,261 sold,103,4.825242718446602
7254832050,MINISO Handbag Tas Tangan Retro Tas Selempang Top-handle Bags Gaya Sederhana Crossbody Bag Gesper Magnet,83900,0,175,4.897142857142857
5674894382,MINISO Botol Parfum Portabel 5ml Refillable Perfume Bottle Penyimpanan Untuk Keluar atau Travel,23900,0,71,4.87
8225062540,Miniso Dompet Wanita Women's Wallet Cute Kitten Short Tri-Fold Wallet 7 Slot Kartu 1 Slot Uang Kertas Pola Lucu dan Menarik,48900,25 sold,9,5.0
4364164757,MINISO Bantal Leher Busa Memori Upgraded U-Shaped Memory Pillow Neck Pillow Foam Diupgrade Travel Perjalanan Mobil Kantor Rumah Pesawat Lembut Motif Karakter Home Multifungsi Serbaguna Empuk Halus Karakter,63900,195 sold,26,4.967213114754099
7745552530,MINISO Tas Selempang Crossbody Bag With Chain Tutup Pola Batu Dekorasi Tautan Perangkat Keras Mode Dompet Wanita,69900,29 sold,14,4.714285714285714
6785846440,MINISO Tas Selempang Crossbody Bag Tas Bahu  Pola Batu Dengan Flap Sling Bag Pola Batu Mode Tahan Air Polyester,69900,0,351,4.948717948717949
7706926135,MINISO Topi Baseball Baseball Cap Serbaguna Mode Uniseks Kain Nyaman dan Bernapas,39100,662 sold,306,4.826797385620915
7745426349,MINISO Tas Bahu Shoulder Bag Fashion Saddle With Lock Tas Hitam Wanita Penutupan Kunci Retro Klasik Tahan Air,95900,0,105,4.923809523809524
6710310073,MINISO Tas Laptop Portabel Laptop Bag Uniseks Dapat Memuat Laptop 13 inci Lebih Banyak Kompartemen Aksesori,79900,0,41,4.7073170731707314
963374823,MINISO Tas Kosmetik Wanita Shell Tas Makeup Untuk Tas Travel Makeup,23800,15.9K sold,3722,4.929876410531972
7254798397,MINISO Tas Selempang Saddle Retro Crossbody Bag Tas Pundak Simple Retro Gesper Magnet PVC Desain Tahan Air Modis,83600,0,183,4.8469945355191255
7745616051,MINISO Tas Tangan Handbag Top-handle Bags Tas Pundak Mode Pola Batu PVC Kapasitas Besar Klasik Tahan Air Kulit Tahan Aus,83900,0,2,5.0
8182444224,Miniso x Barbie Shining Collection Topi Sunhat Wanita Topi Fashion Barbie Hats Efek Kerai Yang Bagus Bepergian Topi Fashion Muda,125600,0,3,5.0
7945890537,Miniso Tas Bahu Wanita Tas Lipit Di Bagian Bawah PVC lembut Fashion Shoulder Bag Casual Business,111900,0,7,5.0
7439864706,MINISO Tas Wanita Hitam Shoulder Bags Tas Pundak Ritsleting Tali Rantai Fashion Muda Kapasitas Tinggi,79900,0,156,4.653846153846154
8209298124,Minsio x BT21 Collection Tas Bahu Warna-warni untuk Berbelanja Kanvas Kuat dan Ramah Lingkungan Shopping Bag Tersedia Untuk Pelajar,51900,0,4,5.0
5844542819,MINISO Sandal Kamar Mandi Sendal Selop Polos Model Cross Pria Cowok Laki-laki Comfortable Nyaman Dewasa Non Slip Indoor Kasual Karet Motif Sepatu flip Flop  Karet Terbaru Anak Cowok Embuk Rumah Motif Simple Lucu  43-44,38800,0,8,4.375
7875156855,Miniso Sanrio Characters Storage Box Storage Box Kotak Penyimpanan  Serbaguna Penyimpanan Kosmetik,28800,797 sold,361,4.747922437673131
1190332008,MINISO Teko Teapot Set Teh Sederhana 5pcs/set Teh Ketel Kaca Teapot dengan 4pcs Gelas Praktis Kantor Set Teapot 700ml Volume Besar 700mL,47900,9.2K sold,2954,4.884563303994583
6851928580,MINISO Sandal Jepit Wanita Sandal Fashion  Flip Flops Nyaman Model Kapal Sendal Kolam Renang Pantai Kombinasi Warna Nyaman Perempuan Remaja Cewek Dewasa Kekinian Terbaru Fashion Santai Kasual,55900,0,233,4.927038626609442
1071498970,MINISO Laci Rak Kosmetik Plastik Susun ​Kosmetik Serbaguna Drawer Storage Organizer Stackabl/Kotak Penyimpanan Serbaguna Tempat Makeup Organizer Kosmetik/Kamar Mandi Tempat Penyimpanan,39900,0,797,4.826850690087829
827746551,MINISO Parfum Pria 50ml Perfume Parfume EDT Enak Minyak Wangi Tahan Lama Parfum Cowok - Eternal Faith,65900,0,406,4.938423645320197
7942886241,MINISO Mainan Edukasi Lukisan Anak DIY 4PCS Mewarnai Prakarya Anak Art 10x15cm,31900,0,6,5.0
7671810697,Miniso Botol Air Minum Tumbler Minum 950ML 304 Stainless Tumblr Vacuum Flask Baja Cangkir Dingin Tumbler Isolasi,71900,0,74,4.756756756756757
7745522300,Miniso Bantal Duduk Lesehan Cantik Bantal Kursi Sofa Cushion Alas Duduk Bantalan Kursi Bantal Alas Duduk Tebal & Empuk 35*35cm,79900,0,,
1200864716,MINISO Keranjang Tempat Penyimpanan Serbaguna Meja Destop Storage Bucket Tempat Kosmetik Alat Tulis Plaited 22.2x15.5x10.7cm,12900,0,3631,4.921784632332691
7676540800,MINISO Bantal Sofa Seri toy story Lotso / Alien Bantalan/Winnie the Pooh Sofa Pillow Sofa Cushion,59900,0,17,5.0
7934808970,MINISO sanrio character Printed Pillow Sanio Series Hello Kitty My Melody Cinnamoroll cute sofa pillow bed pillow sanrio genuine comfortable pillow,179900,0,19,5.0
813070780,Miniso Official Boneka mainan anak We Bare Bears Lucu Sitting Plush Toy,84900,0,42,4.833333333333333
8234502173,Miniso Paket Tisu Tissues Packs Forest Family 2.0 Skin-Friendly Pocket Tissues Packs Handuk Kertas Yang Ringkas dan Ringan Untuk Dibawa Pulang 4 Packs,8900,147 sold,44,4.931818181818182
8209844506,Miniso x DISNEY TSUM TSUM COLLECTION FRUITY MASK Masker Wajah Pelembab Wajah Rasa Buah Segar,14300,0,7,5.0
8209816522,Miniso Kapas Bola Kapas Benang Katun Dua Sisi Dual-Sided Cotton Rounds Lembut dan Ramah Kulit 80pcs Cotton Balls,12000,64 sold,10,4.9
8288840387,Miniso Bedding Set Handuk Disposable Bed Sheet/Pillowcases/Towel/Toilet Seat Covers Barang Perjalanan Sekali Pakai,30900,0,,
8213344221,Miniso Kaus Kaki Wanita Berpotongan Rendah Women's Low-Cut Socks Kain Katun Murni Ramah Kulit dan Lembut 6 Pairs,34900,0,16,4.875
8292676001,Miniso Kaus Kaki Pendek Pria Anti-Slip Ankle Men's Short Socks 3 Pairs,34500,9 sold,3,5.0
8148672187,Miniso x BT21 Collection Botol Lotion/Botol Semprotan Wadah Perjalanan Perawatan Kulit Portabel dan Nyaman 60ml,17900,0,42,4.9523809523809526
7868514738,Miniso  Rak Serbaguna Plastik Kitten & Puppy Rak Toilet Rak Bumbu Dapur Dinding Rak Bumbu Dapur Gantung Rak Penyimpanan Dua Lapis,18900,174 sold,74,4.878378378378378
7859210956,MINISO X SANRIO Characters Pelentik Bulu Mata Portable Eyelash Curler Alat Makeup Cinnamoroll / Kuromi / My Melody,38400,118 sold,55,4.890909090909091
7563716920,MINISO Payung Lipat Jumbo Outdoor Anti Sinar UV Anak Perempuan Payung Lipet,50900,0,73,4.780821917808219
8180516112,Miniso Hair Brush Combs Round Sikat Rambut Bulat Pengeriting Bergagang Panjang Yang Dapat Membersihkan Sendiri Secara Vertikal,24900,0,19,4.947368421052632
8135040990,Miniso x BT21 Collection Ornamen Boneka  Boneka Dekoratif Ponsel Gantungan Kunci Mainan Dekorasi Ritsleting Tas Sekolah 3.5in.,44900,149 sold,89,4.977528089887641
8213082057,Miniso x Zanmang Loopy Collection Penjepit Bulu Mata Lash Curler Set Eyelash Curler Alat Rias Yang Ringan dan Ringkas,39900,0,7,5.0
8215958569,Miniso x ZANMANG Loopy Collection Umbrella Payung Long-handled Payung Pegangan Panjang Loopy imut-imut Kokoh dan Tahan Hujan,66900,0,4,5.0
8164894386,Miniso x BT21 Collection Tas Kosmetik Multifungsi Cosmetic Bag Pola Yang Lucu Kapasitas Tinggi Tas Penyimpanan Perjalanan,68900,0,10,5.0
7941788980,MINISO Mainan Anak-anak Mainan Pesawat Tipe Dorong Mainan Inersia Kendaraan Rekayasa Mobil Kendaraan Mainan Off-Road Penggerak Empat Roda,19900,0,19,4.947368421052632
7934616128,MINISO Handuk Bath Towel Cotton Bulu Karang Klasik Bergaris Polyester handuk lembut penyerapan air cepat,23900,0,33,4.545454545454546
7069134409,MINISO Spon Busa Cuci Piring Minyak 8 Pcs Dua Sisi Spon Busa Pembersihan Dapur Wavy Scouring Pad Sponge Scouring Pad Mesh Spon Untuk Alat Makan Stainless Steel & Alumunium,23900,0,113,4.938053097345133
8209134969,Miniso x Sanrio Characters Kaus Kaki Wanita Women's Socks Sanrio Yang Lucu Kaus Kaki Bordir Wanita Lembut dan Ramah Kulit,29400,0,3,4.666666666666667
8265670243,Miniso x Sanrio Characters Spons Mandi Shower Sponge Bentuk Lucu Kain Nyaman dan Lembut,33500,0,12,5.0
7661328913,MINISO Sisir Rambut Kering Basah Rambut Empuk Membersihkan Diri,24900,0,357,4.9523809523809526
7519848239,MINISO Gunting Kuku Manicure 2PCS Set Gunting Kuku Miring dengan Kasus,20900,0,240,4.9375
8245318303,Miniso x We Bare Bears Tisu Basah Lembut Tanpa Bau Bebas Alkohol Lembut Di Kulit Desain Tas Kecil Ringan dan Mudah Dibawa 10 buah * 6 bungkus,23500,0,2,5.0
7693532040,MINISO Travel Toiletries 11pcs Botol Spray Sisir Rambut Travel Kit Plastik Organizer Travel Botol,33900,45 sold,18,5.0
7948946523,MINISO Mainan kendaraan rekayasa mainan kendaraan mainan anak-anak mencakup 4 gaya,31200,55 sold,23,4.913043478260869
7875244851,Miniso Jam Weker Aesthetic Kelinci Mini Jam Alarm Kamar Cantik Dekorasi Ruangan,31900,0,82,4.804878048780488
8213596961,Miniso Spons Rias Dengan Kotak Penyimpanan Makeup Sponges with Storage Case Alat Rias 3 pcs,24900,0,6,5.0
8196160459,Miniso x Barbie Collection Sikat Comb Heart Vent Brush Sisir Pijat Wanita Luruskan Rambut Anda Dengan Mudah Tanpa Kehilangan Rambut,48300,0,17,5.0
8174224739,Miniso x Kuromi Comb Sisir Desain Gambar Kuromi Paddle Brush Pijat Yang Menenangkan Ringan dan Mudah Dibawa,43400,0,19,5.0
7981302895,Miniso X Snoopy Basket Anak 4In1 Basketball Set Mainan Ring Bola Portable Basketball Set,59900,0,5,5.0
7890940163,MINISO Gunting Kuku Manicure Pedicure Gunting Alis Tang Alis 5PCS Set,24900,0,20,4.85
7746186181,MINISO Sisir Rambut Hello Kitty Collection Massage Hair Comb Hair Brush,38600,114 sold,56,4.982456140350878
8241384306,Miniso x Barbie Shining Collection Perfume Atomizer Alat Pengabut Parfum Botol Parfum Untuk Bepergian Mudah Dibawa,47700,0,2,5.0
8227732952,Miniso Botol Perjalanan Botol Remas Portabel Ringan dan Kompak Portable Squeeze Bottles 3pcs,24900,8 sold,1,5.0
8215942664,Miniso ZANMANG Loopy Collection Makeup Sponges Spons Rias Antibakteri Lembut dan Ramah kulit Rias Kapas Desain Lucu Mudah Untuk Dibersihkan,39900,0,2,5.0
7958294706,MINISO Botol Parfum Mini 5ML Travel Aluminium Botol Spray Refillable Perfume Atomizer Botol,23900,0,29,4.379310344827586
8228520469,Miniso v Sanrio Characters Pembotolan kosmetik Kotak kemasan perjalanan kosmetik 5pcs Botol Spray Travel  Set Travel Organizer Cinnamoroll / Kuromi,38200,0,2,5.0
8209912323,Miniso Maltese Collection Kotak Kemasan Kosmetik Set Perjalanan Koleksi Malta Travel Set Botol Semprot Pengeluaran Cairan 11pcs,54900,0,3,5.0
8266446822,Minsio Eye Masks Masker Mata Cooling Gel Sleep Masks Masker Tidur Gel Pendingin Relaksasi Yang Sejuk dan Nyaman Kecil dan Mudah Dibawa,44900,0,,
8003358062,MINISO x Barbie Tas Kosmetik Besar Wanita Pouch Makeup Travel Fashion Barbie Collection Barrel Cosmetic Bag,90800,0,21,5.0
452752838,MINISO 8 Pcs Botol Spray Semprot Kosong Transparan Travel Bottle Kit Plastik Organizer Toner Parfum Kirm Lotion,24900,0,201,4.909657320872274
8255288246,Miniso x One Piece Classic Collection Eyes Masker Tidur Sleep Mask Bahan Lembut Pemblokiran Cahaya dan Bantuan Tidur,47700,0,3,5.0
8202902722,Miniso x ZANMANG Loopy Collection Hair Clips Checkered Jepit Rambut 2pcs Dekorasi Rambut Yang Lucu Cocok Untuk Orang Dewasa dan Anak-anak,29900,9 sold,4,5.0
8180506381,Miniso Kaus kaki Pergelangan Kaki Wanita Buah Bergaris Modis dan Fleksibel Kainnya Nyaman dan Lembut,23900,0,4,5.0
8202932399,Miniso x ZANMANG Loopy Collection Shell Cosmetic Bag Desain Lucu Ritsleting Logam Bergaya Penyimpanan Besar,63900,0,3,5.0
8292194299,Miniso Travel Bottle Set Botol Perjalanan Travel Bottle Set Berbagai Jenis Botol Ringan dan Mudah Dibawa,26900,0,,
6852034896,Miniso Kaos Kaki Pria 3 Pasang Men Socks Warna Solid Casual Kaos Kaki Mata Kaki Sport Kaos Kaki Semata Kaki,34900,0,125,4.952
7556876495,Miniso Travel Organizer Bag zipper Bag Tempat Baju Tempat Penyimpanan Baju 3PCS,55900,0,21,4.666666666666667
1212710333,MINISO Botol Spray Semprot Kosong Travel Kit Plastik Organizer 5 Pcs,24900,0,103,4.926470588235294
8292620184,Miniso Cinnamoroll Spray Bottle Travel Bottle Botol Kemasan Perawatan Kulit 60ml Spray Bottle/Lotion Bottle,28600,0,,
8209868877,Miniso Zanmang Loopy Collection Kepulan Bantalan Udara Bedak Rias Berbantalan Udara Ekstra Besar (2 pcs dengan Kotak Penyimpanan),71900,0,2,5.0
8293806923,Miniso x Barbie Pink Collection Travel Bottle Botol Perjalanan Berbagai Botol  Ringan dan Kompak 11pcs,66900,0,,
8234428878,Miniso x Barbie Shining Collection Botol Perjalanan Botol Pengeluaran Cairan Kosmetik Tas Tangan Set Perjalanan Dalam Bentuk Tas Tangan 7pcs,90800,0,2,5.0
8135202923,Miniso x BT21 Collection Sisir Rambut Imut-imut Comb Hair Brush Mudah Menyisir Rambut,35900,34 sold,13,5.0
8202942246,Miniso x ZANMANG Loopy Collection Bagasi Tangan Koper Hand Luggage Kotak Penyimpanan Perjalanan Portabel Loopy Desain Gambar,214900,0,5,5.0
7994838246,Miniso X Barbie Series 3PCS Zipper Storage Bag Travel Clothing Storage Bag/  Pouch Serbaguna/Zipper Travel Pouch/Travel Pouch Serbaguna,90800,38 sold,14,5.0
8216914204,Miniso x Snoopy Collection Botol Perjalanan Botol Pengeluaran Kosmetik Set Perjalanan Mudah Dibawa Travel Set 6pcs,37900,0,3,5.0
8204154198,Miniso x ZANMANG Loopy Collection Tas Penyimpanan Travel Bags Drawstring Tas Kemasan Kosmetik Penyimpanan Klasifikasi Multifungsi,30900,0,2,5.0
8135192936,Miniso x BT21 Collection Ikat Kepala Aksesoris Rambut Headband Wanita Korean Style Headband Imut-imut Gentle Woman,35900,0,10,4.9
4363132660,MINISO Penutup Mata Dengan Penutup Telinga Stripe Eye Mask with Ear Plugs Motif Garis Anti Bising,23900,0,58,4.948275862068965
8213592759,Miniso Kepulan RiasanMakeup Sponge With Bear Storage Case Kuas Rias Indah dan Lucu,33900,0,1,5.0
3789264805,MINISO Kaos Kaki Wanita Mini Pendek 6 Pcs Pasang Bawah Mata Kaki Semata Kaki Polos Shorts Socks Ankle Wanita Cewek Anak Perempuan Cewek Olahraga Sport Nyaman Sekolah Kantor,44900,1.4K sold,426,4.969483568075117
3788710559,MINISO Kaos Kaki Mini Pendek 6 Pcs Laki-laki Cowok Pria Pasang Bawah Mata Kaki Semata Kaki Polos Shorts Socks Ankle Olahraga Sport Nyaman Sekolah Kantor Cute Kasual Casual,44900,0,258,4.937984496124031
8209746743,Miniso Makeup Brushes Kuas Rias Pink Series Mini Set Kuas Rias Dengan Kotak Penyimpanan,80900,0,3,5.0
8280414639,Miniso Kaus Kaki Pria Men's Socks Dangkal Tak Terlihat Silikon Anti Selip Tipis dan Bernapas 5Pairs,53900,0,,
8202844980,Miniso x ZANMANG Loopy Collection Tas Kosmetik Dengan Pegangan Desain Transparan Cosmetic Bag Tas Penyimpanan Perjalanan PVC Tahan Air,102900,0,2,5.0
7859484205,MINISO X SANRIO Characters Sisir Rambut Hair Brush Massage Hair Comb Kuromi / Cinnamoroll / My Melody / Pochacco,38600,605 sold,260,4.942528735632184
4839152921,MINISO 3pcs Bath Puff Spons Mandi spons cuci muka shower puff mandi ​Gosok Bersih Bath Ball Sponge Spons Kamar Mandi Toilet WC Jamban Bubble Shower Set Isi Puff Bath Sponge Jaring 3D Structure Extra Bubble aring Tebal Pembersih Badan 2 Sisi Warna,24900,2.9K sold,707,4.946356275303644
8292644112,Miniso Spray Bottle Travel Bottle Botol Perjalanan Botol Isi Cairan Ringan dan Mudah Dibawa 10ml,14900,0,,
8292228422,Miniso x Disney Lilo & Stitch Collection Sikat Rambut Sisir Massage Cushion Brush Pijat Rambut Anda,58000,0,,
8209404373,Miniso x Daisy Minions Collection Kaos Kaki Semata Kaki Ankle Socks Bentuk Yang Lucu Kain Yang Nyaman Antimikroba Kaus Kaki Wanita,30900,0,1,5.0
8003444236,MINISO Jam Anak Laki Laki Perempuan Jam Tangan Anak Anak Lucu Spaceman Contrast Color Kids' Watch,47000,0,36,4.972222222222222
8255650421,Miniso x NAILONG Collection Blok Bangunan Building Blocks Mainan Edukasi Anak Hadiah Anak-anak Imajinasi Yang Kaya Baobaoloong/NAILONG,67900,0,,
8280410904,Miniso Hair Band Ikat Rambut Cartoon Absorbent Hair Band Cinnamoroll/Kuromi Penyerapan Air Cepat Bentuk Yang Lucu,48300,0,3,5.0
7259090846,MINISO - Puzzle We Bare Bears 500pcs Mainan Puzzle Mainan Anak 61x46 cm,23100,451 sold,212,4.938679245283019
8216850809,Miniso x Barbie Shining Collection Tempat Sayuran Salad Bowl Kotak Makan Siang Kotak Penyimpanan Makanan Dengan Penutup Membawa Garpu dan Sendok,33900,0,31,4.967741935483871
8209820625,Miniso Pink Pijat Rol Roller Massager Pemijat Rambut Lucu Kompak dan Ringan,44900,0,,
7941180081,MINISO puzzles Happy Foods Collection 80-PieceFast Food Design Puzzle 11*9cm (4 Assorted Models),18500,29 sold,10,4.4
8204310217,Miniso x ZANMANG Loopy Collection Keranjang Penyimpanan PE Basket with Handle Penyimpanan Desktop Kapasitas Tinggi Tempat Sampah,17900,63 sold,26,4.576923076923077
8292262350,Miniso Face Towels Compressed Handuk Wajah Terkompresi Handuk Pembersih Sekali Pakai Portabel Untuk Perjalanan 35 pcs,21900,0,,
7629432292,MINISO Earphone 3.5mm In Ear Kabel Headphone Untuk Apple Dan Android Dengan Kualitas Suara Yang Tinggi Dan Fungsi Panggilan Telepon Dalam Desain Warna-warni,24900,955 sold,348,4.89367816091954
7028002029,MINISO Bantal Leher Travel Masker Mata Tidur We bare Bears Bantal Leher Dewasa Bantal Leher dan Penutup Mata Bantal Leher Anak Bantal Leher Lucu Trave U-shaped Pillow Neck Pillow,84900,0,160,4.90625
6932212963,MINISO Beauty Mirror Cermin Aesthetic Simple persegi panjang cermin meja Kaca Rias Make Up,35900,1.0K sold,368,4.970108695652174
8159614128,Miniso x Sanrio Pelembab Bibir Moisturizing Lip Balm Tekstur Ringan Moisturizing Keamanan Kelas Makanan,72100,0,17,5.0
7439898639,MINISO Tisu Facial Tissue 3ply Tisu Wajah Lembut Tisue Tisu Saku Pocket Tissue 120 Sheets 3-Pack / 8 Sheets 18-Pack,21900,1.8K sold,746,4.927613941018767
7698902507,MINISO Reed Diffuser Weather Series 26ml Pengharum Ruangan Home Fragrance Aromatherapy,27900,0,147,4.824324324324325
8293786977,Miniso x Barbie Pink Collection Sikat Sisir Comb Pelepas Kusut Gradien Kepala Pijat Ringan dan Kompak Mudah Dibawa,38600,0,1,5.0
8292554316,Miniso x BT21 Collection Bantal Leher Neck Pillow Memory Foam Travel Pillow U-Shaped Pillow Desain Emoji Lucu,89900,0,,
8225898231,Miniso Bath Towel Handuk Mandi Portabel Untuk Bepergian Large Compressed Towels 3 pcs 80x60 cm,23400,0,2,5.0
8225836020,Miniso x Barbie Collection Kotak Penyimpanan Keranjang Penyimpanan Tempat Penyimpanan Yang Dapat Dilipat Kapasitas Besar Storage Basket,24400,83 sold,25,4.96
8225020429,Miniso Blind Box Kotak Buta Mikko At Home Series Blind Box Figure Model Ornamen Kotak Buta Yang Lucu,127900,0,,
8210168816,Miniso Dompet Wanita Bingkai Foto Hewan Lucu Dompet Lipat Tiga Wanita 7 Slot Kartu 1 Slot Uang Kertas  Women's Wallet,51900,43 sold,17,4.9411764705882355
8165010549,Miniso x BT21 Collection Tas Belanja Crossbody Shopping Bag Pertandingan Santai Kapasitas Tinggi Dapat Dilipat dan Mudah Dibawa,68900,0,11,5.0
8148952111,Miniso x BT21 Collection Gunting Kuku Perangkat Perawatan Pribadi  Personal Care Set 7 pcs Nail Clippers Tweezer,53900,0,1,5.0
8148840572,Miniso x BT21 Collection Tali Pesona Ponsel 3D Charm Strap Bentuk Lucu Modis dan Serbaguna,35900,0,45,5.0
8001108275,MINISO Parfum Pria Parfum Wanita LAB Series 30ml Miyak Wangi Unisex,50900,0,55,4.927272727272728
7994846385,Miniso X Color Crisper Square 4Pcs/180Ml Food Container Kotak Penyimpanan Dapur/Square 3PCS/400mL Organizer Kulkas Rectangular 3PCS/400mL Kotak Kontainer Akrilik Transparan Rak Makanan Kulkas,22300,0,25,4.68
5966988933,MINISO Tas Makan Siang Kotak-kotak klasik Saku Untuk Pria/Wanita Kantor & Sekolah Simple Portbale Sederhana,23900,529 sold,192,4.895522388059701
8215952268,Miniso x ZANMANG Loopy Collection Penyimpanan Desktop 3 Tier Rolling Cart Keranjang Belanja Mini Dekorasi Rumah Lucu dan Praktis,30900,0,24,4.416666666666667
8209406032,Miniso x We Bare Bears Kotak Bento Lunch Box 3 Kompartemen Kotak Penyimpanan Segar Bentuk Lucu Kotak Bekal Makan Siang 1200ml,57900,0,12,5.0
7518472452,MINISO Boneka Seri TOY STORY Lotso Bear Strawberry Plush Toy Boneka Lucu,138500,334 sold,144,4.847222222222222
7256756182,Miniso Reed Diffuser FOUR SEASON SERIES Pengharum Ruangan Aromaterapi Air Fresheners / Home Fragrance Mewah Pewangi Ruangan Parfum kamar tidur Sewangi Aroma Scent Diffuser,63900,512 sold,173,4.948275862068965
8256622303,Miniso x Stitch Collection Pet Spring Toy Mainan Pegas Hewan Peliharaan,29400,0,,
8256494896,Miniso Fragrance Mist Kabut Aroma Aroma Yang Tahan Lama Rasa Segar Mudah Dibawa dan Digunakan 100ml,35900,19 sold,6,5.0
8234302160,Miniso x Lotso Collection Mini Wipes Tisu Basah  Kertas Strawberry Scented Ringan dan Mudah Dibawa 8pcs*8packs,28900,0,6,5.0
8225058445,Miniso x We Bare Bears Tas Kosmetik Cosmetic Bag Wanita Tahan Air Berkapasitas Besar Cetakan Kartun Yang Menyenangkan Dengan Pegangan Mudah Dibawa,44900,0,4,5.0
8218864135,Miniso Kuas Concealer dan Bedak Tabur Concealer Brush & Cushion Puff Efek Concealer Yang Bagus 3 pcs,35900,0,2,4.5
8215972511,Miniso x ZANMANG Loopy Collection Kotak Bento Lunch Box Kotak Bekal Makan Siang Kapasitas Tinggi Food Storage Box 650mL,39900,41 sold,14,5.0
8215954428,Miniso x ZANMANG Loopy Collection Hair Hoop Lingkaran Rambut Cocok Untuk Dewasa dan Anak-anak imut-imut Loopy,38900,0,5,5.0
7932540482,MINISO Tas Kosmetic Tas Alat Makeup Pouch Portable Cosmetik Organizer Bag Pouch Korean Style Tas Kosmetik Travel Kapasitas Tinggi,34900,0,25,4.8076923076923075
715672640,Miniso Kapas Tebal Soft Facial Cotton Pads 180 Sheets (White) Pembersih Makeup Make Up Bantalan Kapas Kotak Kapas,24900,0,187,4.9502487562189055
8293874439,"Miniso Seat Cushion Bantal Duduk Bantal Kursi Kantor, Kursi Rumah, dan Kursi Mobil Ergonomic Design Bernapas Dengan Baik",71900,0,,
1203430254,MINISO Hair drying Towel Panda Handuk Pengering Rambut Dry Hair Cap,41900,0,23,4.942857142857143
7095040491,Miniso Pengharum Ruangan Reed Diffuser Aromaterapi Mewah Parfum Ruangan Aroma Pewangi Ruangan Hampers,21900,4.6K sold,1549,4.87734021949645
7343644717,Miniso Lotion Badan 250mL Fruity Body Lotion Serum Moisturizing Body Cream,39900,1.0K sold,468,4.923076923076923
7102660137,Miniso Parfum Wanita EDP TEA SERIES EAU DE PARFUM 50mL farfum wanita tahan lama dan wangi original parfume greentea white tea,84900,1.7K sold,652,4.9447852760736195
5787364188,MINISO Parfum Pria Mystic Eau De Toilette 50ml Parfum Laki Laki Parfum Pria Tahan Lama,68900,9.3K sold,2625,4.935619047619047
4549388275,MINISO Parfum Wanita Perfume Ballerina Eau De Toilette Pink Romance Amber Grace Perempuan Cewek Tahan lama 50ml Long Lasting Manis Berkelas Elegant Fresh Segar Original Enak Wangi,68900,26.3K sold,4439,4.948411804460464
6809366820,MINISO Boneka Penguin Bental Boneka Mainan Lucu Anak Plush Toy Bantalan Gift Hadiah Ulang Tahun Hadiah Valentine 30cm,47400,835 sold,346,4.895953757225434
702166030,MINISO Parfum Wanita 30ml Eau De Perfume Lady EDT Parfume British Pear Enak Minyak Wangi Tahan Lama Buah & Bunga Original Perfume Fragrances,52900,61.1K sold,7758,4.9257544184610635
7958348129,MINISO X Disney Frozen Sisir Rambut Hair Brush Comb Shinny Massage Sisir Rambut Elsa,48300,0,25,5.0
811858732,MINISO Boneka Small Penguin Plush Toy Boneka Lucu Boneka Mainan Anak,50900,636 sold,277,4.943462897526501
7008378703,Miniso Parfum Pria KNIGHTS TALE EAU DE TOILETTE Men Parfume minyak wangi pria parfum pria tahan lama farfum pria,63900,476 sold,177,4.909604519774011
7096490227,Miniso Official Penghapus Kutek Wanita Nail Polish Remover Pembersih cat kuku 100ml Nail Enamel Remover,31400,322 sold,119,4.9411764705882355
7519866103,MINISO Gunting Kuku Manicure Pedicure 6PCS Set Stainless Portabel,41900,0,28,4.964285714285714
751992360,"Miniso Official Gantungan baju Simple Clothes Hanger / Gantungan Baju Celana Hanger / gantungan baju, 10 Pack",24900,10.5K sold,2418,4.9044665012406945
8292614609,Miniso Parfum Wanita Pink Allure Eau de Parfum Women's Perfume EDP Aroma Yang Tahan Lama 50ml,107900,0,1,5.0
8245444896,Miniso x Disney Tsum Tsum Collection Kotak Buta  Tumbling Blind Box Figure Model Ornamen Dekoratif Yang Lucu,78800,0,,
811766333,"Miniso Official Kaos Kaki Wanita 3 Pairs, Women’s Solid Color Low-cut Socks",23500,5.0K sold,1581,4.939278937381404
7256694684,[Limited Version] MINISO Parfum Wanita EDP British Pear Wild Strawberry 30ml EAU DE PARFUM Farfum Wanita Tahan Lama dan Wangi Lady Perfume,65900,1.6K sold,635,4.9417322834645665
8280012815,Miniso Hanger Baju Gantungan Baju Clothes Hangers Solid Color Plastic Henger Stand Hanger Gantungan Baju Estetik 5pcs,21900,0,7,5.0
7259406878,MINISO Mouse Gaming Kabel USB Colorful Mouse Berkabel yang Ergonomis,36900,0,55,4.945454545454545
7184822726,MINISO PARFUM WANITA - Magnificent Life Lady Perfume farfum wanita tahan lama dan wangi parpum wanita,74900,2.3K sold,805,4.93416149068323
7008468389,Miniso Body Spray Pocket Body Mist 35mL Parfum Wanita / Parfum Unisex / Parfum Badan Awet Spray / Fragrance Fruity Floral Pear Peach Rose Greentea,31900,1.3K sold,416,4.903846153846154
682280082,MINISO Parfum Wanita 50ml tahan lama Perfume，Parfume EDT Enak Minyak Wangi Tahan Lama - Eternal Faith，minyak wangi seribu bunga asli cewek，parfum perangsang wanita ampuh，British pear,68900,8.2K sold,2268,4.929012345679013
773402236,MINISO Parfum Wanita Green Tea Perfume 30ml Parfume Cewek EDT Enak Minyak Wangi Tahan Lama Parfum Eau de Toilette,69900,5.4K sold,1899,4.925750394944708
7943160124,MINISO Parfum Wanita My Weekend! Eau De Parfum 50ml Minyak Wangi Tahan Lama EDP,63900,260 sold,112,4.928571428571429
803902268,Miniso Parfum Pria 100ml Midnight Gentleman Parfume EDT Enak Minyak Wangi Tahan Lama - Perfume Kemasan indah,118900,1.0K sold,423,4.882716049382716
7265618278,Miniso Kutek Love Series Cat Kuku Berminyak 11ml / Cat Kuku Muslimah Gel Nail polish Tidak Beracun Kutek Halal,14900,1.3K sold,420,4.921428571428572
7938744918,MINISO Parfum Wanita Dreamy Crystal EDP 50ml Minyak Wangi Cewek Tahan Lama Vanilla Eau de Parfume,68900,169 sold,83,4.771084337349397
7903774018,MINISO Diffuser Aromatherapy Reed Diffuser Kapur Parfum Ruangan 50ml,49900,45 sold,21,4.809523809523809
8292666150,Miniso x Barbie Shining Collection Sandals EVA Outdoor Slippers Sol Lembut dan Nyaman Anti-selip Sendals Wanita,128100,0,,
7614090428,MINISO Parfum Wanita On The Way Perfume 15ml Parfum Mini EDT Travel Size Perfume,37900,0,34,4.9411764705882355
4702162472,MINISO Hanger Jemuran Kaos Kaki Jemuran Baju Lipat Klip Portable Foldable,23900,500 sold,157,4.885350318471337
8292254344,Miniso Parfum Wanita Luxury Women’s Perfume Eau de Toilette Aroma Yang Tahan Lama Hadiah Sempurna Untuk Wanita EDT 10ml,53900,0,3,5.0
3319672729,MINISO Parfum Wanita Heartful Lady Perfume Perempuan Cewek Tahan lama Long Lasting Unisex Pria Fresh Segar Original Enak 30 ml,50900,3.4K sold,1073,4.938490214352283
7397614138,MINISO Boneka Lucu Kucing Boneka Lembut Mainan Mewah Kucing dengan Penutup Mata Kado Anak Plush Toy,84900,0,158,4.924050632911392
8288788655,Miniso Face Towels Compressed Handuk Wajah Terkompresi Handuk Pembersih Sekali Pakai Portabel Untuk Perjalanan 20 pcs,26900,0,,
7502626374,MINISO Parfum Wanita Seri Zodiac 10ml Mini Perfume EDT Hadiah Parfum Farfum Wanita Tahan Lama dan Wangi Original Parfume Travel Parfum Eau de Toilette,23900,0,466,4.899141630901288
7938746802,MINISO Parfum Wanita Pretty Girl Perfume 30ml Minyak Wangi Cewek,52900,215 sold,96,4.927083333333333
7994604053,MINISO Parfum Pria & Wanita Eternal Vow EDP 57ml Parfum Pasangan,83900,58 sold,24,4.916666666666667
7476580549,MINISO Handuk Bath Towel Kain Katun Yang Nyaman Dan Lembut 140*70cm Cotton Towels,41900,157 sold,65,4.923076923076923
8209374035,Miniso x BT21 Collection Kotak Alat Tulis PVC Tas Penyimpanan Alat Tulis Berlaku Untuk Siswa Kotak Pensil Tas Kosmetik Kemasan Kosmetik,19500,0,15,4.733333333333333
8280150292,Miniso Dompet Wanita Tri-Fold Women's Wallet Dompet Pendek Lipat Tiga 7 Slot Kartu 1 Area Catatan Besar Kapasitas Besar,62900,12 sold,5,5.0
8280468794,Miniso Men＇s Disposable Underwear Pakaian Dalam Sekali Pakai 100% Katun Dikemas Secara Individual Mudah Dibawa 3 pcs,44900,0,,
7371164314,MINISO Backpack Ransel Tas Laptop Tas Penyimpanan Perjalanan Disesuaikan Tali Bahu Uniseks Tahan Air Kapasitas Tinggi,97900,0,86,4.848837209302325
7760436614,MINISO Sandal Wanita Barbie Pink Women's Slippers Kelinci Mode EVA Sendal Wanita Bentuk Yang Aneh Sol Tebal Anti Slip,55900,0,14,4.928571428571429
7745628398,MINISO Shoulder Bag Tas Bahu Tas Selempang Mode Kapasitas Tinggi Tahan Air Kulit Tahan Aus,97900,0,13,4.923076923076923
7760082124,MINISO Sandal Wanita Ikatan Simpul Fashion Sendal Wanita Kekinian Sol Tebal Anti Slip EVA Sendal,69900,0,23,4.782608695652174
8225016872,Miniso x Dompet Wanita Dompet Lipat Tiga Wanita Dinosaurus Kecil Yang Lucu 7 Slot Kartu dan 1 Slot Uang Kertas Kainnya Nyaman,66900,0,1,5.0
1148370158,MINISO Tas Penyimpanan Travel Bag Multifungsi Baju Praktis Organizer Pouch Makeup Organizer,23900,4.5K sold,1252,4.905750798722044
8148678006,Miniso x BT21 Collection Tas Selempang Tas Pundak Kapasitas Tinggi Tas Wanita Desain Lucu BT21,85900,0,21,5.0
8234450994,Miniso Tas Pinggang Waist Bag Tas Selempang Crossbody Handbag Berbagai Cara Untuk Membawanya Kapasitas Besar Tas Penyimpanan Perjalanan,90900,0,,
7103808770,MINISO Tas Membeli Tas Bahu Lotso Alien Woody Toy Story Collection Shopping Bag Fashionable Cute Tas Selempang Tas Rantai Shoulder Bag Kapasitas Tinggi,87500,0,21,4.809523809523809
7931740787,MINISO Tas Wanita Bahu Berlipit Lembut Tas Selempang Tas Tangan Bepergian Serbaguna Shoulder Bag,83900,0,13,4.923076923076923
8213242177,Miniso Kaca Matahari Sunglasses Polarized Aviator Sunglasses Fashionable dan Atmosfer Anti Jatuh Dan Perlindungan Sinar Matahari,65900,0,2,5.0
7994932085,Miniso X Dual Handles Type Large Storage Basket White Storage Box Organizer Kotak Penyimpanan,19900,0,11,5.0
7476636080,MINISO Jam Tangan Anak-Anak Kids' Watch Baby Watches  Mickey Mouse Collection 2.0,47000,0,184,4.934782608695652
7440066726,Miniso Storage Box Kotak Penyimpanan Serbaguna  Kapasitas Besar Serbaguna Storage Box Organizer Kontainer Box Blastik Organizer Box  Serbaguna,23900,0,107,4.841121495327103
6785740311,MINISO Tas Selempang Tas Bahu Rantai  Crossbody Bag Mode Flap Bergigi Dengan Rantai Manik PVC Tahan Air Kapasitas Tinggi,79900,0,722,4.919667590027701
7745584515,MINISO Sandal Pria Fashion Sport Slippers Sendal Wanita dan Pria EVA Sol Tebal Anti-selip Sandal Wanita Terbaru,69900,0,8,5.0
2707258811,MINISO Mainan Anak Pistol Air Water Gun Ukuran Besar Tembakan Hadih Anak Lucu,41900,0,21,5.0
8225898332,Miniso x Barbie Collection Tas Berkilau Lustrous Bag Tas Wanita Barbie Mode Kapasitas Besar,94900,0,12,5.0
811848847,Miniso Official Bantal We Bare Bears- Memory Foam U-shaped Pillow /Bantal Travel,74900,813 sold,264,4.984848484848484
7703302529,MINISO Crossbody Bag Tas Selempang Kisi Berlian Timbul Bergaya dan Tahan Air Kapasitas Tinggi Kain Lembut,83900,0,0,
7703218712,MINISO Crossbody Bag Tas Selempang Tali Serut Berlapis Pola Kisi Berlian Klasik Versi Ember Ritsleting Tas Kulit Tahan Aus,83900,0,,
8148658830,Miniso Botol Plastik Bottle with Handle  Mudah Dibuka Desain Mulut Lebar Mudah Dibersihkan Botol Minum 390ml,24900,0,62,4.854838709677419
7778734365,MINISO Snoopy Sandal Jepit Wanita Uniseks Pria dan Wanita Sandal  Women's Flip-Flops Sendal Wanita Sol Tebal Anti Slip,41900,0,13,4.846153846153846
7708552123,MINISO Tas pundak Shoulder Bag Tas Penutup Persegi Panjang Warna Solid Retro Klasik Tas Hitam Wanita,83900,0,8,4.375
7902450355,Miniso Tas Selempang Rantai Diamond Pattern Crossbody Bag with Chain Tas Rantai Fashion Wanita,111900,0,12,4.666666666666667
7203082255,MINISO Selimut Hooded Blanket Selimut Dengan Topi With Hat Selimut Dan Bantal Karakter Office Air Conditioner Tetap Hangat Lembut Blanket,86300,644 sold,263,4.904942965779468
8019532173,Miniso x Disney Keychain Boneka 5 Inch Plush Pendant Boneka Plush Doll Pendant Keychain,79100,35 sold,16,5.0
6724236765,MINISO kotak penyimpanan segar (4 bungkus) kotak penyimpanan segar kotak plastik transparan kotak tertutup persegi panjang lemari es kotak penyimpanan makanan berpendingin komersial dengan tutup,20900,834 sold,330,4.884848484848485
8256566499,Miniso x Zanmang Loopy Collection Travel Set Kosmetik dan Produk Perawatan Kulit Botol Set Perjalanan 6pcs,39900,0,3,5.0
8204178062,Miniso x ZANMANG Loopy Collection Drawstring Bag Fabric Kain Tas Serut Tas Kemasan Perjalanan Kapasitas Tinggi Tahan Lama,30900,0,3,5.0
7696772314,MINISO Tas Selempang Handbag Tas Tangan Rantai Berlapis Kain Lembut Klasik Dua Cara Membaca Liar,83900,0,27,4.892857142857143
7930028023,MINISO Tas Selemgang Wanita Vintage Tas Bahu Keranjang Serba Guna Crossbody and Shoulder Bag Fashion,83900,0,9,4.777777777777778
8202998017,Miniso x ZANMANG Loopy Collection Mini Kotak penyimpanan Desktop Organizer Lemari Penyimpanan Lipstik Laci Tahan Debu,48900,0,7,4.857142857142857
6520658352,MINISO Tas Pundak Shoulder Bag Tas Selempang Tas Bahu Persegi Panjang Dengan Kunci Putar Tas Rantai Kapasitas Besar,83900,0,106,4.9245283018867925
8280046676,Miniso Sandal Wanita Women's Bath Slippers Ringan EVA Sendal Keren Sendal Terbaru Sendall Sndal Anti-slip Sole,44900,0,,
7941128393,MINISO puzzles Minions Collection 80-Piece Puzzle (6 Assorted Models),18500,0,6,4.833333333333333
7994948287,MINISO X Diseny Lotso Kotak Makan dengan Pembagi Bento Lunchbox 650ml,39200,128 sold,52,4.961538461538462
8215960859,Miniso x ZANMANG Loopy Collection Lunch Box Bento Box 3-Piece Set Kotak Bekal Makan Siang Kotak Penyimpanan Makanan,30900,0,15,5.0
7949018884,MINISO Mainan Mainan Kendaraan Rekayasa Mainan Anak-anak Kendaraan Mainan Ekskavator Kendaraan Mainan Derek,29900,0,3,5.0
8280560127,Miniso Women＇s Disposable Underwear Pakaian Dalam Wanita Women's Underwear 100% Katun Desain Elastis Individually Packed,53900,0,,
8292510675,Miniso x Disney Peekaboo Collection Boneka Mewah Ornamen Key Pendant Liontin Rantai Ransel Lotso/Winnie/Stitch,85400,0,,
8255514967,MINISO X One Piece Classic Collection Puzzle 100-pcs Photo Frame Puzzle,43400,0,2,5.0
8215618588,Miniso x ZANMANG Loopy Collection Botol Dengan Jerami Plastic Bottle Bubble Cap with Straw Loopy Imut-imut Sippy Cup Cangkir Minum Rumah Tangga 600mL,84900,49 sold,22,4.818181818181818
7934744226,MINISO x Sanrio keychains characters Round Pendant Kuromi Pochacco My Melody Cinnamoroll cute decoration,75900,0,16,5.0
8215978901,Miniso x ZANMANG Loopy Collection Boneka Mainan Mewah Plush Toy Mengubah Kostum 20in. Boneka Mewah Yang Lucu Dekorasi Hadiah Anak-anak,449900,0,,
8148776147,Miniso x BT21 Collection Gantungan Kunci Menyalakan Cahaya Malam Liontin Hiasan Tas Aksesoris Ponsel,53900,50 sold,30,5.0
8256648106,Miniso x One Piece Classic Collection Plush Pendant Liontin Mewah Liontin Rantai Tas Boneka Mewah,118700,0,,
8255344603,Miniso Kuas Rias Dengan Tas Ritsleting Makeup Brushes Sikat Lembut dan Nyaman Canggih Kuas Bedak Tabur Kuas Kontur Hidung Kuas Concealer 6 pcs,109900,0,,
8134674758,Miniso x BT21 Collection Lunch Box Set Kotak Makan Anti Tumpah Garpu Gratis Tahan Panas dan Suhu Tinggi,53900,0,24,4.916666666666667
7958302082,Mouse Kabel Gaming MINISO Model Seri Luminous Ringan: EGM-S-22056,36900,0,1,5.0
7938788503,MINISO Parfum Wanita Secret Garden Eau de Parfum Tahan Lama 100ml,138900,0,72,4.972222222222222
4549700550,MINISO Sendok Garpu Marvel Set 3 Pcs Traveling Travel Peralatan Makan Tableware Portable Alat Stainless Alat Makan Set Cutlery Stainless Anak Dewasa Fork Spoon Dapur Warna-warni Lucu Colorful Berkualitas High Quality Premium,23900,0,567,4.931216931216931
7942934888,MIISO Ball Catcher Machine Toy is a children's toy that exercises brain and hands-on skills. It is a fun multi-person interactive gift for children.,44900,0,,
8292544739,Miniso x Harry Potter Collection Notebook Buku Catatan Love Potions Stress-relief Wire-Bound Book 80Sheets,44100,0,10,5.0
8215920793,Miniso x ZANMANG Loopy Collection Botol Plastik Dengan Tali Bahu dan Jerami 400mL Botol Air Olahraga Luar Ruangan Dengan Penutup,66900,0,8,5.0
8209868150,Miniso Kuas Rias & Spons Riaskuas Rias Set Aksesori Riasan Mudah Dibawa Set Perjalanan Spons Kecantikan 7Pcs,96900,0,5,5.0
8204246009,Miniso x ZANMANG Loopy Collection Plush Toy Mainan Mewah 10in.Costume-Changing Lucu dan Lembut Dekorasi Rumah,179900,0,13,4.3076923076923075
7883828458,Miniso Sanrio Kuromi  Travel Bantal Leher Memory Bantal  Travel Pillow Bantal Lucu,114800,0,25,5.0
8255408097,MINISO X BT21 Collection Tisu Basah Travel Ultra-Mini Wet Wipes 8 Packs × 8 Sheets,26900,0,2,5.0
8242952016,Miniso Tas Makan Siang Lunch Bag Kapasitas Besar Warna Solid Tas Makan Siang Terisolasi Tas Makan Siang,47900,0,,
8196100983,Miniso x Barbie Star Ballet Parfum Wanita Eau de Parfum Perfume Aroma Buah Yang Ringan Segar Aroma Yang Tahan Lama 50ml,197900,0,17,5.0
8218748748,Miniso x Sanrio Bantal Leher Memory Foam Dengan Tidur  Neck Pillow U-Shaped Bantal Berbentuk U Kantor Tersedia Bantal Sofa Kenyamanan,124300,0,5,5.0
8215936396,Miniso x ZANMANG Loopy Collection Cangkir Minum Jerami Tumbler Cups Cangkir Lucu Dengan Penutup Dengan Jerami 435ml,66900,0,7,5.0
8182380446,Miniso x BT21 Collection Kabel Pengisian Cepat Type-C Fast Charging Cable Fashion dan Praktis Biaya Atau Transfer Type-C Perangkat,53900,0,9,5.0
8164994836,Miniso x BT21 Collection Kotak Penyimpanan Desktop Kubus Penyimpanan Dapat Ditumpuk Desain Kartun Yang Lucu,35900,0,19,5.0
7941002908,MINISO puzzle 1000-pcs Milk Carton Packaging puzzle 42*29.7cm Forest & flower space gift for children boyfriend gifts,36900,0,6,5.0
7688820268,Miniso Handuk 3PCS  Towels Hand Towers 3pcs Kain Lap Serbaguna Kain Lap Dapur Kain Lap Piring Lap Microfiber Gapur(30*30cm),23900,0,28,4.964285714285714
7440084022,Miniso Lunch Box Set Kotak Makan 1200ml Kotak Bekal  Anti tumpah Free Sendok dan Garpu,31900,0,199,4.964824120603015
8242990052,Miniso x Care Bears Figur Kotak Kejutan Koleksi Ramalan Cuaca Kotak Buta Surprise Box Figure Dekorasi Meja Yang Lucu,111900,0,,
8234498301,Miniso x Care Bears Collection Figur Mini Ornamen Lucu Grain Planet Mini Figure Dekorasi Meja,30900,0,,
8228434566,Miniso x Chiikawa Bantal Berbentuk U Neck Pillow Bantal Leher Bantal Sofa Yang Nyaman Bentuk Lucu Chiikawa Neck Pillow,172200,0,,
7938750926,MINISO Parfum Wanita Angel's Gift Eau de Parfum Tahan Lama 100ml EDP Minyak Wangi Wanita Tahan Lama Parfum Cewek,138900,0,50,4.94
8292166575,Miniso Kotak Buta Disney Princess Fairy Tale Town Blind Box Mainan Koleksi,134900,0,,
8252740347,Miniso x Disney Winnie The Pooh Cat Selimut Berkerudung Hooded Blanket Kain Lembut Selimut Hangat Kantor Bentuk Yang Lucu Dapat Dilipat Mudah Disimpan,127500,0,6,5.0
7981618445,MINISO x Disney Liontin Kartun 5inch Gantungan Kunci Tas Liontin Gadis,75900,0,6,5.0
7942330876,MINISO MiniGirl - Princess Tea Party Castle Building Blocks,44900,0,19,4.947368421052632
7270650190,MINISO Mouse Pad Anti Licin Mousepad Nyaman untuk Komputer Laptop Bentuk Bulat Pad,21900,0,117,4.948717948717949
719072737,MINISO Headset Earphone Kabel dengan Mic microphone Earbuds in Ear Headphone Noise Cancelling Awet Universal  Stereo Jawab Akhiri Panggilan Musik Hp Laptop PC Original Bass Gaming Wanita Pria Simple Masuk Telinga Android Warna,26900,75.8K sold,12610,4.8865061998541215
7614044447,MINISO Parfum Pria Energy of Coolness / Ice-Cool Vigor Eau de Parfum 50ml Parfum Tahan Lama EDP Minyak Wangi,79900,0,130,4.8538461538461535
6104124613,MINISO Kutek Cat Kuku  Kuteks Nail Polish Perempuan Tidak Beracun Cat Kuku Berminyak Cap Emas,15600,3.3K sold,852,4.934272300469484
4549454022,【Freeshipping】MINISO Bibit Thailand Parfum Wanita Perfume Harmony Eau De Toilette Pure Sweet 30ml Lady EDT Parfume British Pear minyak wangi Long Lasting Perempuan Cewek wangi kalem Tahan lama Manis Berkelas Elegant Fresh Segar Original Enak Wangi,50900,13.9K sold,3473,4.921658986175115
812970154,MINISO  Parfum Perfume Wanita Cityscape Shine Iceland Aurora Melbourne Pink Lake Danish Green 50ml Tahan lama Perempuan remaja Cewek Cowok Unisex Pria Wangi Bunga Original,63900,21.5K sold,4242,4.936586515794437
7614068991,MINISO Parfum Wanita Glowing Happiness Eau de Parfum 50ml Parfum Tahan Lama EDP Minyak Wangi Tahan Lama,85900,238 sold,98,4.948979591836735
7354056767,MINISO Tas Kosmetik Cosmetic Bag Makeup Bags Rectangular Dan Trapezoid Tas Penyimpanan Perjalanan Kain Lembut PVC Tahan Air Kapasitas Besar,23900,1.3K sold,515,4.9553398058252425
7614114414,MINISO Parfum Wanita Nebula Perfume (Pink) Eau de Toilette 50ml EDT Minyak Wangi Cewek,119900,0,100,4.95
7468854193,Miniso Tumbler Minum Kaca 300ML Cantik Dengan Tutup,38900,116 sold,50,4.96
7614110535,MINISO Parfum Unisex Weekend Perfume Eau de Toilette 60ml Parfum Wanita dan Pria,95900,0,60,4.866666666666666
6854484336,MINISO Boneka Kelinci Mainan Boneka Binatang Lucu Sangat Lembut Nyaman Boneka Import Mainan Anak boneka lucu lembut bantal boneka Stuffed Toy Bunny Hadiah Ulang Tahun boneka ulang tahun boneka cewek boneka hewan lucu kado  Ulang Tahun kado  untuk cewek,80000,120 sold,56,4.910714285714286
7614108203,MINISO Parfum Wanita Miss Modern Perfume 30ml Minyak Wangi Parfum Cewek,95900,180 sold,66,4.954545454545454
7411122289,MINISO Kabel Data Integrated Port USB type C Braided Aluminium Case,24900,914 sold,429,4.9207459207459205
4363208050,MINISO Body Mist Parfum Perfum Spray Wanita Pria 100ml Pengharum Badan Tubuh Sehari hari Eau de toilette Keharuman Floral Natural BPM FRUITY Fragrance Original Perempuan Remaja,24900,20.9K sold,3978,4.907742584213173
7614124016,MINISO Parfum Pria Blue Men's Perfume Eau de Toilette 50ml Parfum Tahan Lama EDT Minyak Wangi,79900,110 sold,49,4.795918367346939
7903700297,MINISO X Sanrio Hello Kitty Gunting Kuku Manicure Pedicure 6 PCS Set,49200,0,16,4.9375
8202876134,Miniso x Eggyparty Kotak Buta Blind Box Angkat Aku Tinggi Versi Eggyparty Karakter Khas Kotak Buta,44900,0,,
6588342073,MINISO Mouse Wireless 2.4GHz Optical Sensor 1600 dpi Portabel Mouse Silent Komputer Laptop Mouse Office Kantor Mouse Bekerja Dari Rumah untuk Windows Mac Linux dan ChromeOS,59900,0,199,4.939698492462312
8123196693,MINISO Mainan Mewah Boneka Doll Plush Toys Lamb Baa Series 10 inch Boneka Domba Hadiah Liburan,101900,0,4,4.75
7468168306,MINISO Parfum Wanita Seri Melody EDT 35ml Lady Perfume Farfum Wanita Eau De Toilette Tahan Lama dan Wangi Parpum Wanita,59900,0,160,4.95625
7942822977,MINISO Keychain Boneka Happy Foods Collection Donut /Toast/Croissant/Fried Shrimp Plush Toy Pendant cute pendant,29900,0,19,4.947368421052632
8135136016,Miniso x BT21 Collection Boneka Mewah Lembut Yang Lucu Plush Toy 9in. Hadiah Lucu Gaya Yang Kaya,71900,67 sold,40,4.95
8292566466,Miniso Parfum Wanita Lucky 7  Passion Eau de Parfum Women's Perfume EDP Rasa Segar Aroma Yang Tahan Lama,269900,0,,
8245490603,Miniso x Mikko Flower Series Kotak Buta Blind Box Figure Model Bentuk Lucu Ornamen Yang Bagus,97900,7 sold,3,4.666666666666667
8001112414,MINISO Reed Diffsuser Secret Garden Series 100ml Aromatherapy Pengharum Ruangan Aromaterapi,79900,0,36,4.888888888888889
7936068411,MINISO x Sanrio character Head-Shape Pillow Cinnamoroll Kuromi My Melody Hello Kitty Pochacco Sanrio genuine character pillow gifts for girlfriend children’s day cute home decoration bed ornaments,196200,0,7,5.0
8142166162,Miniso x Sanrio Parfum Wanita Bau Resh Aroma Yang Tahan Lama Lembut Elegan Sweet Mewah 10ml,118700,0,6,5.0
8242978286,Miniso Parfum Wanita  Eau de Parfum Batu Ajaib Wewangian Yang Tahan Lama Women's Perfume Gaya Tingkat Lanjut 50ml.,107900,12 sold,4,5.0
658864359,MINISO Official Bantal We Bare Bears Buah Bantal Bone-Pillow Lucu Bantal kecil ice bear and panda,36900,1.3K sold,297,4.925925925925926
8285750156,Miniso x Harry Potter Metal Phone Grip Koleksi Spesial Harry potter Pegangan Handphone Lucu,53200,135 sold,10,5.0
5674708970,MINISO 12 kuas makeup klasik berkualitas tinggi Set Make Up Brush Alat Dandan Perlenkapan,66900,0,239,4.928870292887029
7941038808,MINISO Boneka Seri Mini Family Harimau Es Krim Lucu Boneka Tidur  Mainan Mewah Hadiah Anak,102800,0,4,5.0
7940924883,MINISO We Bare Bears 8in Dessert Bare Bears Plush Toy Cute Bear Pakai Sweater Original Lembut Ramah Kulit Toy Mainan Meawh Import Boneka Bear Boneka wisuda Hadiah wisuda kado wisuda Hadiah Ulang Tahun Kado anak Kado untuk cewek Hadiah untuk cowok Kado Nat,67900,0,41,4.926829268292683
5820764424,MINISO Headphone Headset Earphone On Ear Headphone Bando berkabel kecil dan indah Musik Playing Game Gamer Bass Premium Noise Isolating Cancellation Cewek Pria Cowok Wanita Lucu Keren Kekinian Terbaru Untuk Hp PC Mobile Komputer Wired Kabel,67900,0,266,4.926900584795321
8215920771,Miniso x ZANMANG Loopy Collection Head-Shaped Pillow Dua Sisi Bantal Berbentuk Kepala Imut-imut Lembut dan Nyaman,134900,0,2,5.0
8122620535,MINISO x Loopy Collection Boneka Doll Pillow Koleksi Zanmang Loopy 16 inci Bantal Bentuk Kepala yang Dapat Berubah Kostum,161900,0,3,5.0
8255408025,Miniso x Barbie Collection Tumbler Baja Gelas Minum Berkapasitas Besar Cangkir Air Desktop Kantor Isolasi Mode Tahan Terhadap Panas dan Jatuh 1600ml,196700,0,7,5.0
7957514832,MINISO Tempat Telepon Genggam Meja We Bare Bears Collection 4.0,38700,0,18,4.888888888888889
7875416472,Miniso Sanrio Characters Storage Box Plastik Box Container Keranjang Penyimpanan  Keranjang Penyimpanan Organizer Box  Serbaguna Penyimpanan Ruangan,49000,0,15,4.933333333333334
7941734953,MINISO Boneka Little Bear Plush Toy Valentine's Day Gift Roses Love Confession Gift Friend Gift Cute Bear,101900,0,11,4.909090909090909
6531662586,MINISO Boneka Bantal Guling Lucu Lembut Plush Mainan Boneka Mainan Mewah Bantal Bayi Doll Mini Plush Toy Hadiah Ulang Tahun Kado anak Kado untuk cewek Hadiah untuk cowok Kado Natal,84900,1.3K sold,525,4.951310861423221
8234598088,Miniso x Zanmang Loopy Collection Botol Plastik Botol Air Olahraga Plastic Bottle Gelas Plastik Portabel Gelas Minum Berkapasitas Besar 1L,89900,0,1,5.0
6794782145,MINISO Tas Bekal  Tas Lunch Tote Bag Food Box Foil Lunch Box Tas Makan Siang Warna Solid Makanan Tas Multi-tujuan Cooler bag,34900,0,232,4.943965517241379
8292596144,Miniso x Disney Tsum Tsum Collection Kotak Bento Bento Box Lunch Box Kapasitas Besar 1200ml,58900,0,,
8165100176,Miniso Snoopy Lunch Box Terbagi Kotak Bekal Makan Siang Kotak Kemasan Makanan Bahan Makanan PP Dengan Garpu dan Sendok,84900,0,,
8135078747,Miniso x BT21 Collection Cangkir Plastik Cangkir Jerami Dengan Penutup Cangkir Kopi Berkapasitas Besar Cangkir Air 800ml,71900,180 sold,102,4.911764705882353
7994750955,Miniso X Barbie Kotak Penyimpanan Serbaguna Mini Barbie Series Hippopotamus Mouth Storage Box Kotak Laci Perhiasan,24400,0,24,4.875
7973060838,MINISO x Lotso Pouch Make Up Aesthetic Besar Pouch Kosmetik Korean Style Disney Lotso Collection Cosmetic Case,91400,0,10,4.9
7934562772,Miniso x Lotso Blind Box Multi-design Lotso Collection Figure Model Lucu Kotak Buta Edisi Terbatas yang Menggemaskan,134900,0,12,5.0
7931582295,MINISO Mainan Boneka Domba Boneka Mewah Hewan Anak-anak Lucu Lembut Cute Plush Toy 28cm,94900,79 sold,38,5.0
8234236700,Miniso Kotak Buta Blind Box Model Figur Kotak Buta Seri Taman Musim Gugur Dundun Ayam Dun Dun Bentuk Lucu,41900,0,,
8215972225,Miniso x ZANMANG Loopy Collection Leher Cincin Cooling Neck Wrap Secara Alami Melepaskan Sensasi Dingin Membawa Pendingin Ruangan,116900,0,4,4.75
8256522349,Miniso Gelas Baja Warna Solid Dengan Sedotan Steel Tumbler With Straw Gelas Minum Olahraga Botol Baja Tahan Karat 1600mL,116900,0,7,5.0
8209892580,Miniso We Bare Bears Collection Kotak Makan Kotak Penyimpanan Makanan Siang Dessert Series Lunch Box Pakaian Makanan 1600mL,84900,0,,
8209868082,Miniso X Disney Stitch Collection Topi Katun Pet Cotton Hat Pet Cotton Hat Topi Aksesoris Hewan Peliharaan,72600,0,,
8001056667,Miniso X Pokémon Masker Mata Eye Mask Eye Cover Penutup Mata Tidur Motif Sleep Eye Mask Travel,57300,0,3,5.0
7994926385,MINISO X Barbie Botol Minum Plastik Tumbler Minum dengan Rantai Manik 640ml,98300,106 sold,42,5.0
7954060571,MINISO x Barbie Selimut Travel Blanket Karakter Lucu Office Air Conditioner Tetap Hangat Lembut Blanket,78400,0,7,5.0
7523858549,Miniso EarphoneHeadset Bluetooth 5.1 Gaming Nirkabel CH510,92400,333 sold,183,4.950819672131147
8292566633,Miniso x Harry Potter Raster Sticker Set Stiker Raster Stiker Buku Kulkas,48900,24 sold,7,4.857142857142857
8225126121,Miniso x Barbie Shining Collection Tali Pergelangan Tangan Telepon Phone Wrist Strap Tali Anti Hilang Ponsel Fashionable dan Mudah Dibawa,67800,0,7,4.857142857142857
8204168502,Miniso x ZANMANG Loopy Collection Boneka Mainan Mewah Liontin Mewah Plush Pendant Holding-Heart 3.5in.Liontin Tas Lucu Dolls,66900,30 sold,11,4.909090909090909
7934538827,Miniso Kipas Angin Mini Portable Hand Fan 1200mAh Type-C Charging Kipas Kecil Genggam Tahan Lama,75900,0,57,4.859649122807017
8292200847,Miniso Wipes Tisu Pendingin Outdoor Cooling Wipes Pendinginan Instan Hambar 20 Wipes × 2 Packs,26900,0,,
7975754277,MINISO Sanrio Cinnamoroll Kotak Buta Blind Box Model Figur Kotak Buta Seri Cinnamoroll Small Paradise,157700,0,26,4.576923076923077
8209894473,Miniso X Zanmang Loopy Collection Gelas Baja Dengan Tali Steel Tumbler With Strap Botol Air Meja Olahraga 360ml,159900,0,8,4.875
8285654301,Miniso x Harry Potter Lunch Bag Tas Makan Siang British Style Tas Belanja Kapasitas Besar Bisa Tetap Hangat,98300,0,,
8256490645,Miniso Bath Towels Handuk Mandi Kompres Ekstra Besar Mudah Dibawa Saat Bepergian Penyerapan Air Yang Kuat Dikemas Secara Individual 2 pcs,44900,0,1,5.0
8210180716,Miniso Zanmang Loopy Collection Lampu Malam LED Loopy Night Light Desain Penuh Gaya Bentuk Unik,116900,0,,
8210176734,Miniso x Barbie Collection Botol Cangkir Termos Botol Terisolasi Dengan Tutup Flip-Lift Baja Tahan Karat 304 Botol Air Olahraga 420ml,157300,0,17,4.705882352941177
7957336681,MINISO x Pokémon Pokemon Topi Baseball Cap Hat Fashion Unisex Dengan Bordir Tulisan,115900,0,6,4.833333333333333
7945780565,MINISO Sanrio Tas Makan Siang Lunch Bag Sanrio Characters Drawstring Bento Bag Kapasitas Besar Tahan Air,78600,0,20,4.9
7942478481,MINISO Gantungan Kunci Boneka Keychain Key Chain mainan unik stuffed animal pendant Fun and Cute Pendant Stretch Toys for Students and Children Gifts Pulling Hanging Plush Toy,47200,0,27,4.851851851851852
7940998832,MINISO Kaos Kaki Wanita Lotso Disney Women Socks Lucu Pink Korean,34400,0,4,5.0
7494488559,MINISO Tas Kosmetik Cosmetic Bag Rectangular Pearlized Pink Kapasitas Tahan Air Ringan Dan Nyaman,63900,0,30,4.9
8292152982,Miniso x Mini Family Boneka  Plush Toy Little Bouquet Buket Kecil Boneka Lucu Kain Lembut,89900,0,,
8202860168,Miniso x Eggyparty Kotak Buta Blind Box Tumbler Segelas Telur Bundar Mainan Yang Menarik,57900,0,,
7696754903,MINISO Reed Diffuser The Language of Flowers Series 100ml Pengharum Ruangan Aromatherapy Home Fragrance,85900,0,32,4.90625
7638396026,Miniso Ratora Payung Lipat Hujan Anti UV Payung Outdoor,79900,0,14,4.428571428571429
8256498936,Miniso x Zanmang Loopy Collection Botol Plastik Dengan Tali Bahu Cerat Ganda Plastic Bottle With Shoulder Strap 560ml,119900,0,7,5.0
2514824418,MINISO Body Mist Parfum Perfum Spray Wanita Pria 150ml Pengharum Badan Tubuh Sehari hari Eau de toilette Keharuman Floral  Natural BPM Fruity Fragrance Original Perempuan Remaja,24900,95.6K sold,15625,4.93362775217614
8174658546,Miniso Women's Flip-Flops Sandal Jepit Wanita Sederhana dan Nyaman Bagian Bawah Lembut Mode Sandal Karet Wanita,20900,0,20,4.95
7310350940,MINISO Sandal Wanita Terbaru Sendal Wanita Kekinian Dan Pria EVA Bathroom Slippers Modis Tidak Licin,27900,4.1K sold,2062,4.926770126091173
4753120920,MINISO Sandal Pria Sandal Kamar Mandi Bathroom Slippers Sol Lembut Motif Sarang Lebah Sandal Pria dan Wanita EVA Anti-selip Lampu,20900,7.5K sold,1681,4.951219512195122
4607526553,MINISO Sandal Kamar Mandi Sendal Selop Polos Model Cross Cewek Wanita Perempuan Comfortable Nyaman Dewasa Non Slip Indoor Kasual Karet Motif Sepatu flip Flop Karet Terbaru Anak Cowok Embuk Rumah Motif Simple Lucu,34900,0,432,4.905092592592593
5600122918,"MINISO 1000 pcs kapas silcot，Bantalan Katun Cotton Pads Pembersih Makeup 1000 Buah,kapas kecantikan 1 lusin, kapas wajah tipis,Alat Harian Membersihkan Menghilangkan Kapas,kapas kecantikan halus muka bulat silcot,for toner & Penghapus riasan",24200,43.0K sold,12421,4.910554705740279
5554564816,"MINISO Penyimpanan Serbaguna 3 types storage box container Dengan Tutup kotak penyimpanan,box obat obatan,box plastik kotak，tempat masker，box plastik kotak，kotak penyimpanan serbaguna storage box,Makeup Storage Box",22000,7.5K sold,2430,4.838271604938272
7958232992,MINISO Handuk Pengering Rambut Hair Drying Cap Quick Drying Towel,23400,120 sold,41,4.902439024390244
7626874771,MINISO Tas Bahu Tas Wanita Kapasitas Tinggi Dengan Rantai Nuansa Kain Lembut Meniskus Tas Ketiak Rantai Mode,77800,87 sold,45,4.911111111111111
816098076,【Freeshpping】Miniso Wanita Parfum 50ml EDT Crystal Diamond Perfume，cewek parfum wanita wangi tahan lama，minyak wangi seribu bunga asli，tahan lama wangi kalem，parfum wanita SPL terbaik，British pear，wild strawberry,68900,5.2K sold,1344,4.9414758269720105
8174690197,Miniso x Maltese Collection Sandal Wanita Women's Slippers Flat Sandals Uniseks EVA Desain Bergaya dan Lucu Sol Tebal Lembut,65900,296 sold,115,4.956521739130435
5674824330,Miniso Bantal Leher U-Shaped Neck Pillow Travel Bantal Nyaman Imut lembut Bantal Leher Unisex,41900,5.4K sold,1224,4.932584269662922
7693456313,MINISO Sandal Jepit Wanita Women's Flip-Flops Ratora Series Ringan dan Lembut Sol Anti Selip Mode,34900,0,3,4.333333333333333
7712528668,MINISO Sandal Wanita Kelinci Sandal Karet Wanita Kelinci Yang Lucu EVA Desain Anti-selip Bagian Bawah Yang Lembut,55900,0,5,5.0
811766333,"Miniso Official Kaos Kaki Wanita 3 Pairs, Women’s Solid Color Low-cut Socks",23500,5.0K sold,1581,4.939278937381404
7706926135,MINISO Topi Baseball Baseball Cap Serbaguna Mode Uniseks Kain Nyaman dan Bernapas,39100,662 sold,306,4.826797385620915
7712442087,MINISO Women's Slippers Sandal Wanita Sendal Karet Wanita Awan Yang Lucu EVA Sol Tebal Untuk Kenyamanan Anti-selip,55900,0,30,4.9
735254941,MINISO Obeng Set 31 in 1 Serbaguna Multifungsi Hp Handphone Screwdriver,21900,0,19,4.909090909090909
7901658679,Miniso Dompet Pendek Lipat Tiga Wanita Lucu Cute Bear Series Women's Trifold Short Wallet,47900,97 sold,56,4.910714285714286
7712524938,MINISO Sandal Wanita Women's Slippers Flat Sandal Mundur Bunga Tulp Sol Tebal Anti Slip Di Luar Ruangan Mode,55900,82 sold,35,4.9714285714285715
6785580936,MINISO Tas Pundak Tas Bahu Tas Selempang Sling Bag Tas Bahu Persegi Panjang Retro Lembut dengan Flap Top,68000,0,220,4.972727272727273
5674894382,MINISO Botol Parfum Portabel 5ml Refillable Perfume Bottle Penyimpanan Untuk Keluar atau Travel,23900,0,71,4.87
5762070436,MINISO Handuk Tangan Seri Hewan Lucu Hand Towel Dewasa Anak Lembut Di Kulit Menyerap Air Cuci Muka Bulu Simple Motif Rumah,16900,427 sold,81,4.991071428571429
3789264805,MINISO Kaos Kaki Wanita Mini Pendek 6 Pcs Pasang Bawah Mata Kaki Semata Kaki Polos Shorts Socks Ankle Wanita Cewek Anak Perempuan Cewek Olahraga Sport Nyaman Sekolah Kantor,44900,1.4K sold,426,4.969483568075117
658018686,Miniso Official Tas Bento Makan Siang Terisolasi We bear bears lunch bag/tas makanan/tas kecil/tas karakter,38600,3.8K sold,1057,4.9157994323557235
963374823,MINISO Tas Kosmetik Wanita Shell Tas Makeup Untuk Tas Travel Makeup,23800,15.9K sold,3722,4.929876410531972
702166030,MINISO Parfum Wanita 30ml Eau De Perfume Lady EDT Parfume British Pear Enak Minyak Wangi Tahan Lama Buah & Bunga Original Perfume Fragrances,52900,61.1K sold,7758,4.9257544184610635
1200558269,MINISO Hanger Klip Simpel 20 pcs Untuk Pengeringan Pakaian Laundry,12900,3.0K sold,781,4.969590643274854
7875244851,Miniso Jam Weker Aesthetic Kelinci Mini Jam Alarm Kamar Cantik Dekorasi Ruangan,31900,0,82,4.804878048780488
8252746463,Miniso Handuk Lembut Bulu Karang Penyerapan Air Yang Kuat Handuk Besar Lembut dan Tidak Melukai Kulit 75*35cm,15900,244 sold,83,4.843373493975903
8225062540,Miniso Dompet Wanita Women's Wallet Cute Kitten Short Tri-Fold Wallet 7 Slot Kartu 1 Slot Uang Kertas Pola Lucu dan Menarik,48900,25 sold,9,5.0
1172416582,MINISO terbaru 2021 Dompet Pria cowo，Lipat Dua Kulit PU Dompet Koin Ritsleting Dompet untuk Pria ，Cowok Laki-laki Lelaki Lipat Kecil Pendek Vertical Tempat Kartu Dan Uang Koin Wallet Organizer Travel Original Tas Terbaru 2021 Keren Leather Kulit Multi-car,63900,0,442,4.927437641723356
4364164757,MINISO Bantal Leher Busa Memori Upgraded U-Shaped Memory Pillow Neck Pillow Foam Diupgrade Travel Perjalanan Mobil Kantor Rumah Pesawat Lembut Motif Karakter Home Multifungsi Serbaguna Empuk Halus Karakter,63900,195 sold,26,4.967213114754099
7095040491,Miniso Pengharum Ruangan Reed Diffuser Aromaterapi Mewah Parfum Ruangan Aroma Pewangi Ruangan Hampers,21900,4.6K sold,1549,4.87734021949645
1200888691,"MINISO Rak Kosmetik Multifungsi 2 Lapis Kotak Penyimpanan Serbaguna Plastik Rack Dapur Tempat, Kosmetik Organizer Meja Minimalis 25x16x7cm",21900,18.3K sold,4946,4.9155043460683245
8242794980,Miniso x We Bare Bears Set Krim Tangan Hand Cream Set Krim Tangan Pelembab Yang Tahan Lama Kompak dan Mudah Dibawa 3pcs Stroberi + Alpukat + Lemon,29900,77 sold,26,4.961538461538462
7903535000,MINISO Parfum Wanita Belle Parfum Chérie Eau De Parfum Lady Perfume EDP 30ml Vanilla Minyak Wangi Long Last,65900,122 sold,55,4.945454545454545
7254832050,MINISO Handbag Tas Tangan Retro Tas Selempang Top-handle Bags Gaya Sederhana Crossbody Bag Gesper Magnet,83900,0,175,4.897142857142857
5844542819,MINISO Sandal Kamar Mandi Sendal Selop Polos Model Cross Pria Cowok Laki-laki Comfortable Nyaman Dewasa Non Slip Indoor Kasual Karet Motif Sepatu flip Flop  Karet Terbaru Anak Cowok Embuk Rumah Motif Simple Lucu  43-44,38800,0,8,4.375
8292666150,Miniso x Barbie Shining Collection Sandals EVA Outdoor Slippers Sol Lembut dan Nyaman Anti-selip Sendals Wanita,128100,0,,
8180498635,"Miniso Tisu Basah Wet Wipes Handuk Muka Lembab dan Fleksibel 20 Handuk Kertas Esensi Tumbuhan, Tanpa Pigmen dan Aman 20pcs",7900,409 sold,126,4.968253968253968
8142172116,Miniso Parfum Wanita Perfum Pemandangan Kota Elegan Versi Yang Ditingkatkan Minyak Wangi Tahan Lama Rasa Segar 50ml,63900,410 sold,128,4.984375
4867996575,"MINISO Parfum Wanita Perfume Sparkle,minyak wangi sparkle,tahan lama 24 jam ori,Eau De Toilette EDT Mini Kecil Portable Perempuan Cewek Tahan lama 10ml Long Lasting Manis Berkelas Elegant Fresh Segar Original Enak Wangi",34900,32.9K sold,5499,4.961811238406983
7969656836,MINISO Lotion Badan Handbody Lotion Scented Body Lotion Moisturizing Brightening Body Cream 150 ml,31300,242 sold,105,4.942857142857143
6809366820,MINISO Boneka Penguin Bental Boneka Mainan Lucu Anak Plush Toy Bantalan Gift Hadiah Ulang Tahun Hadiah Valentine 30cm,47400,835 sold,346,4.895953757225434
7969688996,MINISO Hand Cream Krim Tangan Tekstur Ringan Hand Lotion Moisturizing 30ml,19500,374 sold,120,4.95
8142234805,Miniso Parfum Pria Perfum 50ml Garden of Mirror Meningkatkan Sauvage Parfum Segar dan Tahan Lama Eau De Parfum,67900,268 sold,92,4.9021739130434785
7938746802,MINISO Parfum Wanita Pretty Girl Perfume 30ml Minyak Wangi Cewek,52900,215 sold,96,4.927083333333333
7102660137,Miniso Parfum Wanita EDP TEA SERIES EAU DE PARFUM 50mL farfum wanita tahan lama dan wangi original parfume greentea white tea,84900,1.7K sold,652,4.9447852760736195
7008468389,Miniso Body Spray Pocket Body Mist 35mL Parfum Wanita / Parfum Unisex / Parfum Badan Awet Spray / Fragrance Fruity Floral Pear Peach Rose Greentea,31900,1.3K sold,416,4.903846153846154
6018058215,Miniso kutek peel off Fun Paint nail polish kutek peel off KUTEK kuteks HALAL KUTEKS cat kuku halal muslimah Gel Nail polish,14900,0,1074,4.935754189944134
7943172054,MINISO Body Mist Parfum Spray Parfum Wanita 100ml Hair Mist Floral Minyak Wangi Cewek,35900,171 sold,79,4.949367088607595
7903784050,MINISO Parfum Wanita Crush on Me Eau De Parfum 100ml Minyak Wangi EDP,101900,245 sold,120,4.975
7676688159,MINISO Parfum Wanita Seashore Perfume 30ml Minyak Wangi Cewek Floral,51900,518 sold,204,4.9068627450980395
4549388275,MINISO Parfum Wanita Perfume Ballerina Eau De Toilette Pink Romance Amber Grace Perempuan Cewek Tahan lama 50ml Long Lasting Manis Berkelas Elegant Fresh Segar Original Enak Wangi,68900,26.3K sold,4439,4.948411804460464
1203430254,MINISO Hair drying Towel Panda Handuk Pengering Rambut Dry Hair Cap,41900,0,23,4.942857142857143
8255388137,MINISO X BT21 Collection Tisu Basah Wet Tissue 10 Sheets Wet Wipes,13900,0,1,5.0
7404164157,Miniso Alat Cukur Wanita (Paket 5 / Paket 10) Pelumas Nyaman Ladies Shaver 3 Lapisan Razor Pisau Cukur,29900,123 sold,56,4.875
7671810697,Miniso Botol Air Minum Tumbler Minum 950ML 304 Stainless Tumblr Vacuum Flask Baja Cangkir Dingin Tumbler Isolasi,71900,0,74,4.756756756756757
827746551,MINISO Parfum Pria 50ml Perfume Parfume EDT Enak Minyak Wangi Tahan Lama Parfum Cowok - Eternal Faith,65900,0,406,4.938423645320197
6519308819,MINISO Facial Cotton Pads 75pcs Tebal + 400pcs Tipis Kapas Pembersih Makeup Make Up Bantalan Kapas Kotak Kapas Pembersih Wajah Kapas Kecantikan,26900,12.0K sold,4485,4.915719063545151
7950218288,MINISO Parfum Wanita 50ML EDP Lady Perfume,59900,187 sold,60,4.9
6852034896,Miniso Kaos Kaki Pria 3 Pasang Men Socks Warna Solid Casual Kaos Kaki Mata Kaki Sport Kaos Kaki Semata Kaki,34900,0,125,4.952
8209374035,Miniso x BT21 Collection Kotak Alat Tulis PVC Tas Penyimpanan Alat Tulis Berlaku Untuk Siswa Kotak Pensil Tas Kosmetik Kemasan Kosmetik,19500,0,15,4.733333333333333
8209844506,Miniso x DISNEY TSUM TSUM COLLECTION FRUITY MASK Masker Wajah Pelembab Wajah Rasa Buah Segar,14300,0,7,5.0
8280468794,Miniso Men＇s Disposable Underwear Pakaian Dalam Sekali Pakai 100% Katun Dikemas Secara Individual Mudah Dibawa 3 pcs,44900,0,,
7008436226,Miniso Parfum Wanita DIAMOND EAU DE TOILETTE minyak wangi farfum wanita tahan lama parfum cewek,84900,2.4K sold,843,4.925266903914591
7167202558,Miniso Official sisir rambut wanita cushion hair brush comb catokan sisir,25000,7.9K sold,3492,4.929266895761741
7256694684,[Limited Version] MINISO Parfum Wanita EDP British Pear Wild Strawberry 30ml EAU DE PARFUM Farfum Wanita Tahan Lama dan Wangi Lady Perfume,65900,1.6K sold,635,4.9417322834645665
7981302895,Miniso X Snoopy Basket Anak 4In1 Basketball Set Mainan Ring Bola Portable Basketball Set,59900,0,5,5.0
8225076172,Miniso Parfum Wanita Women's Perfume EDT Aroma Mawar Ringan Rose Secret Eau de Toilette Aroma Yang Tahan Lama 30ml,98900,43 sold,7,5.0
719072737,MINISO Headset Earphone Kabel dengan Mic microphone Earbuds in Ear Headphone Noise Cancelling Awet Universal  Stereo Jawab Akhiri Panggilan Musik Hp Laptop PC Original Bass Gaming Wanita Pria Simple Masuk Telinga Android Warna,26900,75.8K sold,12610,4.8865061998541215
8292676001,Miniso Kaus Kaki Pendek Pria Anti-Slip Ankle Men's Short Socks 3 Pairs,34500,9 sold,3,5.0
7698902507,MINISO Reed Diffuser Weather Series 26ml Pengharum Ruangan Home Fragrance Aromatherapy,27900,0,147,4.824324324324325
7938744918,MINISO Parfum Wanita Dreamy Crystal EDP 50ml Minyak Wangi Cewek Tahan Lama Vanilla Eau de Parfume,68900,169 sold,83,4.771084337349397
7676670839,MINISO Parfum Pria Bold Adventurous Perfume 85ml Minyak Wangi Cowok edt,79900,393 sold,186,4.973118279569892
8292614609,Miniso Parfum Wanita Pink Allure Eau de Parfum Women's Perfume EDP Aroma Yang Tahan Lama 50ml,107900,0,1,5.0
7629432292,MINISO Earphone 3.5mm In Ear Kabel Headphone Untuk Apple Dan Android Dengan Kualitas Suara Yang Tinggi Dan Fungsi Panggilan Telepon Dalam Desain Warna-warni,24900,955 sold,348,4.89367816091954
7365232044,Miniso sisir rambut mini portabel vertikal membersihkan diri,20900,1.1K sold,491,4.910386965376782
7439898639,MINISO Tisu Facial Tissue 3ply Tisu Wajah Lembut Tisue Tisu Saku Pocket Tissue 120 Sheets 3-Pack / 8 Sheets 18-Pack,21900,1.8K sold,746,4.927613941018767
7404208600,MINISO Hairbrush Combs Sisir Rambut Sikat Kayu Sisir Airbag Pijat Hair Brush Massage Nature Wooden Anti Rontok Kusut Static Salon Wooden Paddle Hairbrush,13900,2.2K sold,751,4.897470039946738
7502626374,MINISO Parfum Wanita Seri Zodiac 10ml Mini Perfume EDT Hadiah Parfum Farfum Wanita Tahan Lama dan Wangi Original Parfume Travel Parfum Eau de Toilette,23900,0,466,4.899141630901288
7614090428,MINISO Parfum Wanita On The Way Perfume 15ml Parfum Mini EDT Travel Size Perfume,37900,0,34,4.9411764705882355
7343644717,Miniso Lotion Badan 250mL Fruity Body Lotion Serum Moisturizing Body Cream,39900,1.0K sold,468,4.923076923076923
7661468230,MINISO Sisir Rambut Sisir Udara Cushion Pijat Anti Kusut Membersihkan Diri,21900,2.0K sold,941,4.905419766206164
751992360,"Miniso Official Gantungan baju Simple Clothes Hanger / Gantungan Baju Celana Hanger / gantungan baju, 10 Pack",24900,10.5K sold,2418,4.9044665012406945
682280082,MINISO Parfum Wanita 50ml tahan lama Perfume，Parfume EDT Enak Minyak Wangi Tahan Lama - Eternal Faith，minyak wangi seribu bunga asli cewek，parfum perangsang wanita ampuh，British pear,68900,8.2K sold,2268,4.929012345679013
773402236,MINISO Parfum Wanita Green Tea Perfume 30ml Parfume Cewek EDT Enak Minyak Wangi Tahan Lama Parfum Eau de Toilette,69900,5.4K sold,1899,4.925750394944708
8280012815,Miniso Hanger Baju Gantungan Baju Clothes Hangers Solid Color Plastic Henger Stand Hanger Gantungan Baju Estetik 5pcs,21900,0,7,5.0
7519848239,MINISO Gunting Kuku Manicure 2PCS Set Gunting Kuku Miring dengan Kasus,20900,0,240,4.9375
5787364188,MINISO Parfum Pria Mystic Eau De Toilette 50ml Parfum Laki Laki Parfum Pria Tahan Lama,68900,9.3K sold,2625,4.935619047619047
7943160124,MINISO Parfum Wanita My Weekend! Eau De Parfum 50ml Minyak Wangi Tahan Lama EDP,63900,260 sold,112,4.928571428571429
6562012425,MINISO Skipping Rope Pegangna Panjang Tali Skipping Fitness Latihan Fisik Olahraga Pembakaran Lemak PVC Menurunkan Berat Badan Kebugaran Alat Pelatihan Olahraga Dengan Pegangan Non-slip  Rumah Sekolah Gym Peralatan Pelatihan Dapat Diseduaikan,24900,0,252,4.908730158730159
7934616128,MINISO Handuk Bath Towel Cotton Bulu Karang Klasik Bergaris Polyester handuk lembut penyerapan air cepat,23900,0,33,4.545454545454546
8225898231,Miniso Bath Towel Handuk Mandi Portabel Untuk Bepergian Large Compressed Towels 3 pcs 80x60 cm,23400,0,2,5.0
7476580549,MINISO Handuk Bath Towel Kain Katun Yang Nyaman Dan Lembut 140*70cm Cotton Towels,41900,157 sold,65,4.923076923076923
4549454022,【Freeshipping】MINISO Bibit Thailand Parfum Wanita Perfume Harmony Eau De Toilette Pure Sweet 30ml Lady EDT Parfume British Pear minyak wangi Long Lasting Perempuan Cewek wangi kalem Tahan lama Manis Berkelas Elegant Fresh Segar Original Enak Wangi,50900,13.9K sold,3473,4.921658986175115
8209404373,Miniso x Daisy Minions Collection Kaos Kaki Semata Kaki Ankle Socks Bentuk Yang Lucu Kain Yang Nyaman Antimikroba Kaus Kaki Wanita,30900,0,1,5.0
8215972511,Miniso x ZANMANG Loopy Collection Kotak Bento Lunch Box Kotak Bekal Makan Siang Kapasitas Tinggi Food Storage Box 650mL,39900,41 sold,14,5.0
7941180081,MINISO puzzles Happy Foods Collection 80-PieceFast Food Design Puzzle 11*9cm (4 Assorted Models),18500,29 sold,10,4.4
8292254344,Miniso Parfum Wanita Luxury Women’s Perfume Eau de Toilette Aroma Yang Tahan Lama Hadiah Sempurna Untuk Wanita EDT 10ml,53900,0,3,5.0
7941128393,MINISO puzzles Minions Collection 80-Piece Puzzle (6 Assorted Models),18500,0,6,4.833333333333333
4549700550,MINISO Sendok Garpu Marvel Set 3 Pcs Traveling Travel Peralatan Makan Tableware Portable Alat Stainless Alat Makan Set Cutlery Stainless Anak Dewasa Fork Spoon Dapur Warna-warni Lucu Colorful Berkualitas High Quality Premium,23900,0,567,4.931216931216931
8213344221,Miniso Kaus Kaki Wanita Berpotongan Rendah Women's Low-Cut Socks Kain Katun Murni Ramah Kulit dan Lembut 6 Pairs,34900,0,16,4.875
8234502173,Miniso Paket Tisu Tissues Packs Forest Family 2.0 Skin-Friendly Pocket Tissues Packs Handuk Kertas Yang Ringkas dan Ringan Untuk Dibawa Pulang 4 Packs,8900,147 sold,44,4.931818181818182
7875156855,Miniso Sanrio Characters Storage Box Storage Box Kotak Penyimpanan  Serbaguna Penyimpanan Kosmetik,28800,797 sold,361,4.747922437673131
1148370158,MINISO Tas Penyimpanan Travel Bag Multifungsi Baju Praktis Organizer Pouch Makeup Organizer,23900,4.5K sold,1252,4.905750798722044
715672640,Miniso Kapas Tebal Soft Facial Cotton Pads 180 Sheets (White) Pembersih Makeup Make Up Bantalan Kapas Kotak Kapas,24900,0,187,4.9502487562189055
4839152921,MINISO 3pcs Bath Puff Spons Mandi spons cuci muka shower puff mandi ​Gosok Bersih Bath Ball Sponge Spons Kamar Mandi Toilet WC Jamban Bubble Shower Set Isi Puff Bath Sponge Jaring 3D Structure Extra Bubble aring Tebal Pembersih Badan 2 Sisi Warna,24900,2.9K sold,707,4.946356275303644
8019532173,Miniso x Disney Keychain Boneka 5 Inch Plush Pendant Boneka Plush Doll Pendant Keychain,79100,35 sold,16,5.0
7259406878,MINISO Mouse Gaming Kabel USB Colorful Mouse Berkabel yang Ergonomis,36900,0,55,4.945454545454545
3788710559,MINISO Kaos Kaki Mini Pendek 6 Pcs Laki-laki Cowok Pria Pasang Bawah Mata Kaki Semata Kaki Polos Shorts Socks Ankle Olahraga Sport Nyaman Sekolah Kantor Cute Kasual Casual,44900,0,258,4.937984496124031
4702162472,MINISO Hanger Jemuran Kaos Kaki Jemuran Baju Lipat Klip Portable Foldable,23900,500 sold,157,4.885350318471337
7614114414,MINISO Parfum Wanita Nebula Perfume (Pink) Eau de Toilette 50ml EDT Minyak Wangi Cewek,119900,0,100,4.95
8180506381,Miniso Kaus kaki Pergelangan Kaki Wanita Buah Bergaris Modis dan Fleksibel Kainnya Nyaman dan Lembut,23900,0,4,5.0
811858732,MINISO Boneka Small Penguin Plush Toy Boneka Lucu Boneka Mainan Anak,50900,636 sold,277,4.943462897526501
7411122289,MINISO Kabel Data Integrated Port USB type C Braided Aluminium Case,24900,914 sold,429,4.9207459207459205
7265618278,Miniso Kutek Love Series Cat Kuku Berminyak 11ml / Cat Kuku Muslimah Gel Nail polish Tidak Beracun Kutek Halal,14900,1.3K sold,420,4.921428571428572
7661328913,MINISO Sisir Rambut Kering Basah Rambut Empuk Membersihkan Diri,24900,0,357,4.9523809523809526
7994604053,MINISO Parfum Pria & Wanita Eternal Vow EDP 57ml Parfum Pasangan,83900,58 sold,24,4.916666666666667
7354056767,MINISO Tas Kosmetik Cosmetic Bag Makeup Bags Rectangular Dan Trapezoid Tas Penyimpanan Perjalanan Kain Lembut PVC Tahan Air Kapasitas Besar,23900,1.3K sold,515,4.9553398058252425
8209816522,Miniso Kapas Bola Kapas Benang Katun Dua Sisi Dual-Sided Cotton Rounds Lembut dan Ramah Kulit 80pcs Cotton Balls,12000,64 sold,10,4.9
8256494896,Miniso Fragrance Mist Kabut Aroma Aroma Yang Tahan Lama Rasa Segar Mudah Dibawa dan Digunakan 100ml,35900,19 sold,6,5.0
6546522885,MINISO Cotton Swabs 800pcs Cotton Buds Katun Swabs kapas Korek Kuping Penyeka Kayu Tongkat Wooden Stick Double Head Portabel,24900,0,466,4.967811158798283
8288788655,Miniso Face Towels Compressed Handuk Wajah Terkompresi Handuk Pembersih Sekali Pakai Portabel Untuk Perjalanan 20 pcs,26900,0,,
7468168306,MINISO Parfum Wanita Seri Melody EDT 35ml Lady Perfume Farfum Wanita Eau De Toilette Tahan Lama dan Wangi Parpum Wanita,59900,0,160,4.95625
7184822726,MINISO PARFUM WANITA - Magnificent Life Lady Perfume farfum wanita tahan lama dan wangi parpum wanita,74900,2.3K sold,805,4.93416149068323
3319672729,MINISO Parfum Wanita Heartful Lady Perfume Perempuan Cewek Tahan lama Long Lasting Unisex Pria Fresh Segar Original Enak 30 ml,50900,3.4K sold,1073,4.938490214352283
8292262350,Miniso Face Towels Compressed Handuk Wajah Terkompresi Handuk Pembersih Sekali Pakai Portabel Untuk Perjalanan 35 pcs,21900,0,,
7440066726,Miniso Storage Box Kotak Penyimpanan Serbaguna  Kapasitas Besar Serbaguna Storage Box Organizer Kontainer Box Blastik Organizer Box  Serbaguna,23900,0,107,4.841121495327103
5966988933,MINISO Tas Makan Siang Kotak-kotak klasik Saku Untuk Pria/Wanita Kantor & Sekolah Simple Portbale Sederhana,23900,529 sold,192,4.895522388059701
7994948287,MINISO X Diseny Lotso Kotak Makan dengan Pembagi Bento Lunchbox 650ml,39200,128 sold,52,4.961538461538462
4363208050,MINISO Body Mist Parfum Perfum Spray Wanita Pria 100ml Pengharum Badan Tubuh Sehari hari Eau de toilette Keharuman Floral Natural BPM FRUITY Fragrance Original Perempuan Remaja,24900,20.9K sold,3978,4.907742584213173
6104124613,MINISO Kutek Cat Kuku  Kuteks Nail Polish Perempuan Tidak Beracun Cat Kuku Berminyak Cap Emas,15600,3.3K sold,852,4.934272300469484
7008378703,Miniso Parfum Pria KNIGHTS TALE EAU DE TOILETTE Men Parfume minyak wangi pria parfum pria tahan lama farfum pria,63900,476 sold,177,4.909604519774011
8148658830,Miniso Botol Plastik Bottle with Handle  Mudah Dibuka Desain Mulut Lebar Mudah Dibersihkan Botol Minum 390ml,24900,0,62,4.854838709677419
8148672187,Miniso x BT21 Collection Botol Lotion/Botol Semprotan Wadah Perjalanan Perawatan Kulit Portabel dan Nyaman 60ml,17900,0,42,4.9523809523809526
5227664151,MINISO We Bare Bears Kotak Makan Bulat Kotak Makan Siang Tempat Penyimpanan Makanan 4 pcs Set,36900,0,519,4.934489402697495
8215960859,Miniso x ZANMANG Loopy Collection Lunch Box Bento Box 3-Piece Set Kotak Bekal Makan Siang Kotak Penyimpanan Makanan,30900,0,15,5.0
6932212963,MINISO Beauty Mirror Cermin Aesthetic Simple persegi panjang cermin meja Kaca Rias Make Up,35900,1.0K sold,368,4.970108695652174
7693532040,MINISO Travel Toiletries 11pcs Botol Spray Sisir Rambut Travel Kit Plastik Organizer Travel Botol,33900,45 sold,18,5.0
7440084022,Miniso Lunch Box Set Kotak Makan 1200ml Kotak Bekal  Anti tumpah Free Sendok dan Garpu,31900,0,199,4.964824120603015
7614108203,MINISO Parfum Wanita Miss Modern Perfume 30ml Minyak Wangi Parfum Cewek,95900,180 sold,66,4.954545454545454
7868514738,Miniso  Rak Serbaguna Plastik Kitten & Puppy Rak Toilet Rak Bumbu Dapur Dinding Rak Bumbu Dapur Gantung Rak Penyimpanan Dua Lapis,18900,174 sold,74,4.878378378378378
8225836020,Miniso x Barbie Collection Kotak Penyimpanan Keranjang Penyimpanan Tempat Penyimpanan Yang Dapat Dilipat Kapasitas Besar Storage Basket,24400,83 sold,25,4.96
452752838,MINISO 8 Pcs Botol Spray Semprot Kosong Transparan Travel Bottle Kit Plastik Organizer Toner Parfum Kirm Lotion,24900,0,201,4.909657320872274
8001108275,MINISO Parfum Pria Parfum Wanita LAB Series 30ml Miyak Wangi Unisex,50900,0,55,4.927272727272728
7890940163,MINISO Gunting Kuku Manicure Pedicure Gunting Alis Tang Alis 5PCS Set,24900,0,20,4.85
8209134969,Miniso x Sanrio Characters Kaus Kaki Wanita Women's Socks Sanrio Yang Lucu Kaus Kaki Bordir Wanita Lembut dan Ramah Kulit,29400,0,3,4.666666666666667
812970154,MINISO  Parfum Perfume Wanita Cityscape Shine Iceland Aurora Melbourne Pink Lake Danish Green 50ml Tahan lama Perempuan remaja Cewek Cowok Unisex Pria Wangi Bunga Original,63900,21.5K sold,4242,4.936586515794437
7259090846,MINISO - Puzzle We Bare Bears 500pcs Mainan Puzzle Mainan Anak 61x46 cm,23100,451 sold,212,4.938679245283019
658864359,MINISO Official Bantal We Bare Bears Buah Bantal Bone-Pillow Lucu Bantal kecil ice bear and panda,36900,1.3K sold,297,4.925925925925926
2707258811,MINISO Mainan Anak Pistol Air Water Gun Ukuran Besar Tembakan Hadih Anak Lucu,41900,0,21,5.0
7994932085,Miniso X Dual Handles Type Large Storage Basket White Storage Box Organizer Kotak Penyimpanan,19900,0,11,5.0
8213604206,Miniso Peralatan Manikur Manicure Set (5 pcs with Storage Case) Gunting Kuku Rumah Tangga,36900,0,1,3.0
8292644112,Miniso Spray Bottle Travel Bottle Botol Perjalanan Botol Isi Cairan Ringan dan Mudah Dibawa 10ml,14900,0,,
7614068991,MINISO Parfum Wanita Glowing Happiness Eau de Parfum 50ml Parfum Tahan Lama EDP Minyak Wangi Tahan Lama,85900,238 sold,98,4.948979591836735
8280410904,Miniso Hair Band Ikat Rambut Cartoon Absorbent Hair Band Cinnamoroll/Kuromi Penyerapan Air Cepat Bentuk Yang Lucu,48300,0,3,5.0
6548968347,MINISO cincin pengangkat botol air dingin plastik tubuh lurus 900 mL (hitam) cangkir air olahraga cangkir minum cangkir air berkapasitas super cangkir ruang siswa musim panas perjalanan luar ruangan botol air plastik portabel botol olahraga anti bocor,53900,0,455,4.956331877729258
6588342073,MINISO Mouse Wireless 2.4GHz Optical Sensor 1600 dpi Portabel Mouse Silent Komputer Laptop Mouse Office Kantor Mouse Bekerja Dari Rumah untuk Windows Mac Linux dan ChromeOS,59900,0,199,4.939698492462312
7707970391,MINISO Sisir Rambut Fairy Lucu Hair Comb Hair Brush Anti-static,18500,105 sold,40,4.975
8255288246,Miniso x One Piece Classic Collection Eyes Masker Tidur Sleep Mask Bahan Lembut Pemblokiran Cahaya dan Bantuan Tidur,47700,0,3,5.0
8256566499,Miniso x Zanmang Loopy Collection Travel Set Kosmetik dan Produk Perawatan Kulit Botol Set Perjalanan 6pcs,39900,0,3,5.0
8180516112,Miniso Hair Brush Combs Round Sikat Rambut Bulat Pengeriting Bergagang Panjang Yang Dapat Membersihkan Sendiri Secara Vertikal,24900,0,19,4.947368421052632
7519866103,MINISO Gunting Kuku Manicure Pedicure 6PCS Set Stainless Portabel,41900,0,28,4.964285714285714
6724236765,MINISO kotak penyimpanan segar (4 bungkus) kotak penyimpanan segar kotak plastik transparan kotak tertutup persegi panjang lemari es kotak penyimpanan makanan berpendingin komersial dengan tutup,20900,834 sold,330,4.884848484848485
8202998017,Miniso x ZANMANG Loopy Collection Mini Kotak penyimpanan Desktop Organizer Lemari Penyimpanan Lipstik Laci Tahan Debu,48900,0,7,4.857142857142857
1071498970,MINISO Laci Rak Kosmetik Plastik Susun ​Kosmetik Serbaguna Drawer Storage Organizer Stackabl/Kotak Penyimpanan Serbaguna Tempat Makeup Organizer Kosmetik/Kamar Mandi Tempat Penyimpanan,39900,0,797,4.826850690087829
8213596961,Miniso Spons Rias Dengan Kotak Penyimpanan Makeup Sponges with Storage Case Alat Rias 3 pcs,24900,0,6,5.0
7746186181,MINISO Sisir Rambut Hello Kitty Collection Massage Hair Comb Hair Brush,38600,114 sold,56,4.982456140350878
8142166162,Miniso x Sanrio Parfum Wanita Bau Resh Aroma Yang Tahan Lama Lembut Elegan Sweet Mewah 10ml,118700,0,6,5.0
7096490227,Miniso Official Penghapus Kutek Wanita Nail Polish Remover Pembersih cat kuku 100ml Nail Enamel Remover,31400,322 sold,119,4.9411764705882355
8225878796,MINISO Penghapus Kutek Wanita Nail Polish Remover Pembersih Cat Kuku,14900,25 sold,9,4.777777777777778
8292200847,Miniso Wipes Tisu Pendingin Outdoor Cooling Wipes Pendinginan Instan Hambar 20 Wipes × 2 Packs,26900,0,,
7940998832,MINISO Kaos Kaki Wanita Lotso Disney Women Socks Lucu Pink Korean,34400,0,4,5.0
7614124016,MINISO Parfum Pria Blue Men's Perfume Eau de Toilette 50ml Parfum Tahan Lama EDT Minyak Wangi,79900,110 sold,49,4.795918367346939
1190332008,MINISO Teko Teapot Set Teh Sederhana 5pcs/set Teh Ketel Kaca Teapot dengan 4pcs Gelas Praktis Kantor Set Teapot 700ml Volume Besar 700mL,47900,9.2K sold,2954,4.884563303994583
7859484205,MINISO X SANRIO Characters Sisir Rambut Hair Brush Massage Hair Comb Kuromi / Cinnamoroll / My Melody / Pochacco,38600,605 sold,260,4.942528735632184
7203082255,MINISO Selimut Hooded Blanket Selimut Dengan Topi With Hat Selimut Dan Bantal Karakter Office Air Conditioner Tetap Hangat Lembut Blanket,86300,644 sold,263,4.904942965779468
8196160459,Miniso x Barbie Collection Sikat Comb Heart Vent Brush Sisir Pijat Wanita Luruskan Rambut Anda Dengan Mudah Tanpa Kehilangan Rambut,48300,0,17,5.0
8293806923,Miniso x Barbie Pink Collection Travel Bottle Botol Perjalanan Berbagai Botol  Ringan dan Kompak 11pcs,66900,0,,
1212710333,MINISO Botol Spray Semprot Kosong Travel Kit Plastik Organizer 5 Pcs,24900,0,103,4.926470588235294
8234302160,Miniso x Lotso Collection Mini Wipes Tisu Basah  Kertas Strawberry Scented Ringan dan Mudah Dibawa 8pcs*8packs,28900,0,6,5.0
6794782145,MINISO Tas Bekal  Tas Lunch Tote Bag Food Box Foil Lunch Box Tas Makan Siang Warna Solid Makanan Tas Multi-tujuan Cooler bag,34900,0,232,4.943965517241379
7514722948,Miniso Dudukan desktop tablet ponsel dukungan segitiga,21900,0,7,5.0
7630226516,Miniso Botol Minum Air Panas 480ML Tumbler Minum Termos Air Panas 304 Stainless Steel,79900,0,36,4.888888888888889
7948946523,MINISO Mainan kendaraan rekayasa mainan kendaraan mainan anak-anak mencakup 4 gaya,31200,55 sold,23,4.913043478260869
7494488559,MINISO Tas Kosmetik Cosmetic Bag Rectangular Pearlized Pink Kapasitas Tahan Air Ringan Dan Nyaman,63900,0,30,4.9
7614044447,MINISO Parfum Pria Energy of Coolness / Ice-Cool Vigor Eau de Parfum 50ml Parfum Tahan Lama EDP Minyak Wangi,79900,0,130,4.8538461538461535
7903774018,MINISO Diffuser Aromatherapy Reed Diffuser Kapur Parfum Ruangan 50ml,49900,45 sold,21,4.809523809523809
7069134409,MINISO Spon Busa Cuci Piring Minyak 8 Pcs Dua Sisi Spon Busa Pembersihan Dapur Wavy Scouring Pad Sponge Scouring Pad Mesh Spon Untuk Alat Makan Stainless Steel & Alumunium,23900,0,113,4.938053097345133
8225000878,Miniso x Disney Princess Collection Sikat Dayung Oval Oval Paddle Brush Sisir Rambut dan Pijat 2 in 1 Kepala Manik Bulat Kantung Udara Elastis,48300,0,13,5.0
7493692527,Miniso Stand Holder hp Persegi Dudukan Handphone Tablet,21900,0,23,4.6521739130434785
8215954428,Miniso x ZANMANG Loopy Collection Hair Hoop Lingkaran Rambut Cocok Untuk Dewasa dan Anak-anak imut-imut Loopy,38900,0,5,5.0
8245318303,Miniso x We Bare Bears Tisu Basah Lembut Tanpa Bau Bebas Alkohol Lembut Di Kulit Desain Tas Kecil Ringan dan Mudah Dibawa 10 buah * 6 bungkus,23500,0,2,5.0
8174224739,Miniso x Kuromi Comb Sisir Desain Gambar Kuromi Paddle Brush Pijat Yang Menenangkan Ringan dan Mudah Dibawa,43400,0,19,5.0
8292270410,Miniso Diffuser Aromaterapi Tanpa Api Flower Joy Series Reed Diffuser Long-lasting Fragrance 40ml,48900,0,,
8227732952,Miniso Botol Perjalanan Botol Remas Portabel Ringan dan Kompak Portable Squeeze Bottles 3pcs,24900,8 sold,1,5.0
7938750926,MINISO Parfum Wanita Angel's Gift Eau de Parfum Tahan Lama 100ml EDP Minyak Wangi Wanita Tahan Lama Parfum Cewek,138900,0,50,4.94
8280414639,Miniso Kaus Kaki Pria Men's Socks Dangkal Tak Terlihat Silikon Anti Selip Tipis dan Bernapas 5Pairs,53900,0,,
2514824418,MINISO Body Mist Parfum Perfum Spray Wanita Pria 150ml Pengharum Badan Tubuh Sehari hari Eau de toilette Keharuman Floral  Natural BPM Fruity Fragrance Original Perempuan Remaja,24900,95.6K sold,15625,4.93362775217614
8180498635,"Miniso Tisu Basah Wet Wipes Handuk Muka Lembab dan Fleksibel 20 Handuk Kertas Esensi Tumbuhan, Tanpa Pigmen dan Aman 20pcs",7900,409 sold,126,4.968253968253968
5600122918,"MINISO 1000 pcs kapas silcot，Bantalan Katun Cotton Pads Pembersih Makeup 1000 Buah,kapas kecantikan 1 lusin, kapas wajah tipis,Alat Harian Membersihkan Menghilangkan Kapas,kapas kecantikan halus muka bulat silcot,for toner & Penghapus riasan",24200,43.0K sold,12421,4.910554705740279
7958232992,MINISO Handuk Pengering Rambut Hair Drying Cap Quick Drying Towel,23400,120 sold,41,4.902439024390244
4753120920,MINISO Sandal Pria Sandal Kamar Mandi Bathroom Slippers Sol Lembut Motif Sarang Lebah Sandal Pria dan Wanita EVA Anti-selip Lampu,20900,7.5K sold,1681,4.951219512195122
5762070436,MINISO Handuk Tangan Seri Hewan Lucu Hand Towel Dewasa Anak Lembut Di Kulit Menyerap Air Cuci Muka Bulu Simple Motif Rumah,16900,427 sold,81,4.991071428571429
8174658546,Miniso Women's Flip-Flops Sandal Jepit Wanita Sederhana dan Nyaman Bagian Bawah Lembut Mode Sandal Karet Wanita,20900,0,20,4.95
811766333,"Miniso Official Kaos Kaki Wanita 3 Pairs, Women’s Solid Color Low-cut Socks",23500,5.0K sold,1581,4.939278937381404
7969656836,MINISO Lotion Badan Handbody Lotion Scented Body Lotion Moisturizing Brightening Body Cream 150 ml,31300,242 sold,105,4.942857142857143
1200558269,MINISO Hanger Klip Simpel 20 pcs Untuk Pengeringan Pakaian Laundry,12900,3.0K sold,781,4.969590643274854
816098076,【Freeshpping】Miniso Wanita Parfum 50ml EDT Crystal Diamond Perfume，cewek parfum wanita wangi tahan lama，minyak wangi seribu bunga asli，tahan lama wangi kalem，parfum wanita SPL terbaik，British pear，wild strawberry,68900,5.2K sold,1344,4.9414758269720105
8252746463,Miniso Handuk Lembut Bulu Karang Penyerapan Air Yang Kuat Handuk Besar Lembut dan Tidak Melukai Kulit 75*35cm,15900,244 sold,83,4.843373493975903
7969688996,MINISO Hand Cream Krim Tangan Tekstur Ringan Hand Lotion Moisturizing 30ml,19500,374 sold,120,4.95
8242794980,Miniso x We Bare Bears Set Krim Tangan Hand Cream Set Krim Tangan Pelembab Yang Tahan Lama Kompak dan Mudah Dibawa 3pcs Stroberi + Alpukat + Lemon,29900,77 sold,26,4.961538461538462
735254941,MINISO Obeng Set 31 in 1 Serbaguna Multifungsi Hp Handphone Screwdriver,21900,0,19,4.909090909090909
7095040491,Miniso Pengharum Ruangan Reed Diffuser Aromaterapi Mewah Parfum Ruangan Aroma Pewangi Ruangan Hampers,21900,4.6K sold,1549,4.87734021949645
3789264805,MINISO Kaos Kaki Wanita Mini Pendek 6 Pcs Pasang Bawah Mata Kaki Semata Kaki Polos Shorts Socks Ankle Wanita Cewek Anak Perempuan Cewek Olahraga Sport Nyaman Sekolah Kantor,44900,1.4K sold,426,4.969483568075117
4867996575,"MINISO Parfum Wanita Perfume Sparkle,minyak wangi sparkle,tahan lama 24 jam ori,Eau De Toilette EDT Mini Kecil Portable Perempuan Cewek Tahan lama 10ml Long Lasting Manis Berkelas Elegant Fresh Segar Original Enak Wangi",34900,32.9K sold,5499,4.961811238406983
5554564816,"MINISO Penyimpanan Serbaguna 3 types storage box container Dengan Tutup kotak penyimpanan,box obat obatan,box plastik kotak，tempat masker，box plastik kotak，kotak penyimpanan serbaguna storage box,Makeup Storage Box",22000,7.5K sold,2430,4.838271604938272
4607526553,MINISO Sandal Kamar Mandi Sendal Selop Polos Model Cross Cewek Wanita Perempuan Comfortable Nyaman Dewasa Non Slip Indoor Kasual Karet Motif Sepatu flip Flop Karet Terbaru Anak Cowok Embuk Rumah Motif Simple Lucu,34900,0,432,4.905092592592593
7903535000,MINISO Parfum Wanita Belle Parfum Chérie Eau De Parfum Lady Perfume EDP 30ml Vanilla Minyak Wangi Long Last,65900,122 sold,55,4.945454545454545
8142172116,Miniso Parfum Wanita Perfum Pemandangan Kota Elegan Versi Yang Ditingkatkan Minyak Wangi Tahan Lama Rasa Segar 50ml,63900,410 sold,128,4.984375
8255388137,MINISO X BT21 Collection Tisu Basah Wet Tissue 10 Sheets Wet Wipes,13900,0,1,5.0
7310350940,MINISO Sandal Wanita Terbaru Sendal Wanita Kekinian Dan Pria EVA Bathroom Slippers Modis Tidak Licin,27900,4.1K sold,2062,4.926770126091173
7404164157,Miniso Alat Cukur Wanita (Paket 5 / Paket 10) Pelumas Nyaman Ladies Shaver 3 Lapisan Razor Pisau Cukur,29900,123 sold,56,4.875
7943172054,MINISO Body Mist Parfum Spray Parfum Wanita 100ml Hair Mist Floral Minyak Wangi Cewek,35900,171 sold,79,4.949367088607595
7167202558,Miniso Official sisir rambut wanita cushion hair brush comb catokan sisir,25000,7.9K sold,3492,4.929266895761741
5674824330,Miniso Bantal Leher U-Shaped Neck Pillow Travel Bantal Nyaman Imut lembut Bantal Leher Unisex,41900,5.4K sold,1224,4.932584269662922
7102660137,Miniso Parfum Wanita EDP TEA SERIES EAU DE PARFUM 50mL farfum wanita tahan lama dan wangi original parfume greentea white tea,84900,1.7K sold,652,4.9447852760736195
7008436226,Miniso Parfum Wanita DIAMOND EAU DE TOILETTE minyak wangi farfum wanita tahan lama parfum cewek,84900,2.4K sold,843,4.925266903914591
7439898639,MINISO Tisu Facial Tissue 3ply Tisu Wajah Lembut Tisue Tisu Saku Pocket Tissue 120 Sheets 3-Pack / 8 Sheets 18-Pack,21900,1.8K sold,746,4.927613941018767
6018058215,Miniso kutek peel off Fun Paint nail polish kutek peel off KUTEK kuteks HALAL KUTEKS cat kuku halal muslimah Gel Nail polish,14900,0,1074,4.935754189944134
7903784050,MINISO Parfum Wanita Crush on Me Eau De Parfum 100ml Minyak Wangi EDP,101900,245 sold,120,4.975
7676688159,MINISO Parfum Wanita Seashore Perfume 30ml Minyak Wangi Cewek Floral,51900,518 sold,204,4.9068627450980395
4549388275,MINISO Parfum Wanita Perfume Ballerina Eau De Toilette Pink Romance Amber Grace Perempuan Cewek Tahan lama 50ml Long Lasting Manis Berkelas Elegant Fresh Segar Original Enak Wangi,68900,26.3K sold,4439,4.948411804460464
7950218288,MINISO Parfum Wanita 50ML EDP Lady Perfume,59900,187 sold,60,4.9
8142234805,Miniso Parfum Pria Perfum 50ml Garden of Mirror Meningkatkan Sauvage Parfum Segar dan Tahan Lama Eau De Parfum,67900,268 sold,92,4.9021739130434785
7938746802,MINISO Parfum Wanita Pretty Girl Perfume 30ml Minyak Wangi Cewek,52900,215 sold,96,4.927083333333333
6519308819,MINISO Facial Cotton Pads 75pcs Tebal + 400pcs Tipis Kapas Pembersih Makeup Make Up Bantalan Kapas Kotak Kapas Pembersih Wajah Kapas Kecantikan,26900,12.0K sold,4485,4.915719063545151
7981302895,Miniso X Snoopy Basket Anak 4In1 Basketball Set Mainan Ring Bola Portable Basketball Set,59900,0,5,5.0
